smiles,NR-AhR
CCCCOCC(C)OCC(C)O,0.013982677832245827
N#Cc1c(F)cccc1F,0.054079122841358185
OCCOCCN1CCN(C2=Nc3ccccc3Sc3ccccc32)CC1.OCCOCCN1CCN(C2=Nc3ccccc3Sc3ccccc32)CC1,0.07374924421310425
CCCC[n+]1ccc(C)cc1,0.014222959987819195
CC1=NN(c2ccc(S(=O)(=O)O)cc2)C(=O)C1,0.011471131816506386
CS(=O)(=O)Nc1ccc([N+](=O)[O-])cc1Oc1ccccc1,0.019092941656708717
O=C(c1ccc(O)cc1O)c1ccc(O)cc1O,0.6416168808937073
CCN(C(=O)c1cc(C)cc(OC[C@H](C)Nc2ccncc2)c1)C(C)C,0.14984871447086334
O=C(O)c1cn(-c2ccc(F)cc2)c2cc(N3CCNCC3)c(F)cc2c1=O,0.11385708302259445
CCN(CC)C(=O)SCc1ccc(Cl)cc1,0.03918074443936348
CC/C=C\C#N,2.976967880385928e-05
CCCC[P+](CCCC)(CCCC)CCCC,0.004580675158649683
O=C([O-])c1ccccc1-c1c2cc(Br)c(=O)c(Br)c-2oc2c(Br)c([O-])c(Br)cc12,0.3555022180080414
COc1ccc(C=O)cc1OC,0.04522521421313286
COc1ccc(-c2noc(CC(=O)O)c2-c2ccc(OC)cc2)cc1,0.1510666310787201
FC(F)(F)C(F)(F)C(F)(F)C(F)(F)C(F)(F)C(F)(F)F,0.013624909333884716
CN(C(=O)Cc1ccccc1)[C@H]1CC[C@@]2(CCCO2)C[C@@H]1N1CCCC1,0.010432147420942783
C[C@@H]1O[C@@H](OC[C@H]2O[C@@H](Oc3c(-c4ccc(OCCO)c(OCCO)c4)oc4cc(OCCO)cc(O)c4c3=O)[C@H](O)[C@@H](O)[C@@H]2O)[C@H](O)[C@H](O)[C@H]1O,0.023404184728860855
O=C(O)C(=O)Nc1cccc(-c2nnn[nH]2)c1,0.012369836680591106
Cc1ccc(O)c([C@H](CCN(C(C)C)C(C)C)c2ccccc2)c1,0.045928772538900375
O=S(=O)([O-])c1cc(S(=O)(=O)[O-])c2c(/N=N/c3ccccc3)c(O)ccc2c1,0.13438542187213898
CCC(C)(C#N)/N=N/C(C)(C#N)CC,0.0030870274640619755
CCCC[P+](CC)(CCCC)CCCC.CCOP(=O)([O-])OCC,0.003619141411036253
CC(C)=CCCC(C)CC(=O)O,0.003402467118576169
CN(C)CC/C=C1\c2ccccc2Sc2ccc(Cl)cc21,0.04590744152665138
CCCCC(CC)COC(=O)COc1ccc(Cl)cc1Cl,0.043730493634939194
ClC(Cl)C(Cl)(Cl)Cl,0.005482983775436878
C[N+]1([O-])[C@H]2CC[C@@H]1C[C@H](OC(=O)C(CO)c1ccccc1)C2,0.006432404275983572
CC(C)c1ccc2cc(C(C)C)ccc2c1,0.12177560478448868
O=C(OCCOCCO)c1ccccc1Nc1cccc(C(F)(F)F)c1,0.27608540654182434
O=C1NCCN1CCN1CCC(c2cn(-c3ccc(F)cc3)c3ccc(Cl)cc23)CC1,0.11226610839366913
O=C([O-])C(F)(F)C(F)(F)C(F)(F)C(F)(F)C(F)(F)C(F)(F)C(F)(F)F,0.015168670564889908
O=C(N[C@H](CO)[C@H](O)c1ccc([N+](=O)[O-])cc1)C(Cl)Cl,0.026566291227936745
O=C(NCCNCC(O)COc1ccc(O)cc1)N1CCOCC1,0.0456407330930233
Cc1ccc(Cl)cc1Cl,0.0648016706109047
O=C1c2ccccc2C(=O)c2cc(S(=O)(=O)[O-])ccc21,0.1737249493598938
N=C(N)NCC1COc2ccccc2O1,0.005840741563588381
NC(N)=O.OO,7.168396098933272e-09
O=C(O)c1cccc(C(F)(F)F)c1,0.010538425296545029
Cc1cc(Cl)ccc1OCC(=O)O,0.011050702072679996
C[C@@H]1OC(=O)C[C@H](O)C[C@H](O)CC[C@@H](O)[C@H](O)C[C@H](O)C[C@]2(O)C[C@H](O)[C@@H](C(=O)O)[C@H](C[C@@H](O[C@@H]3O[C@H](C)[C@@H](O)[C@H](N)[C@@H]3O)C=CC=CC=CC=CC=CC=CC=C[C@H](C)[C@@H](O)[C@H]1C)O2,0.0011250321986153722
COC(=O)[C@H]1[C@@H](O)CC[C@H]2CN3CCc4c([nH]c5ccccc45)[C@@H]3C[C@@H]21,0.11407440155744553
c1cc(N(CC2CO2)CC2CO2)ccc1Cc1ccc(N(CC2CO2)CC2CO2)cc1,0.11049976199865341
Clc1cc2c(cc1Cl)Oc1cc(Cl)c(Cl)cc1O2,0.38874584436416626
CN(C(=O)Cc1ccc(Cl)c(Cl)c1)[C@H]1CC[C@@]2(CCCO2)C[C@@H]1N1CCCC1,0.021012451499700546
CC(O)C1CCCCC1,0.005156099330633879
O=C1C=CC(=O)C=C1,0.001001077936962247
COc1ccc(Cc2cnc(N)nc2N)cc1OC,0.1041446328163147
CCCCCCOC(=O)c1ccccc1C(=O)OCCCCCC,0.0387183278799057
O=C(O)CN(CC(=O)O)CC1=CC2C(=CC1=O)Oc1cc(O)c(CN(CC(=O)O)CC(=O)O)cc1C21OC(=O)c2ccccc21,0.00809551402926445
CCCCNS(=O)(=O)c1ccc(C)cc1,0.005435218568891287
CC(CCC(=O)O)C(=O)O,0.000592328782659024
O=c1c(O)c(O)c1=O,0.036547280848026276
N#C[C@@H]1C[C@@H]2C[C@@H]2N1C(=O)[C@@H](N)C12CC3CC(CC(O)(C3)C1)C2,0.005230309907346964
NC(=O)Oc1ccc(Cc2ccccc2)cc1,0.006073626223951578
C[C@]12CC[C@H]3[C@@H](CC=C4C[C@@H](O)CC[C@@]43C)[C@@H]1CC[C@@H]2O,0.006289372220635414
C=Cc1c(C)c2cc3nc(c(CC(=O)[O-])c4[n-]c(cc5nc(cc1[n-]2)c(C)c5CC)c(C)c4C(=O)[O-])C(CCC(=O)[O-])C3C.[Cu+2],0.13362516462802887
NCCCC[C@H](N[C@@H](CCc1ccccc1)C(=O)O)C(=O)N1CCC[C@H]1C(=O)O,0.011927676387131214
C[C@]12C[C@H](O)[C@H]3[C@@H](CCC4=CC(=O)CC[C@@]43C)[C@@H]1CC[C@@H]2C(=O)CO,0.005443383473902941
CC1CCCC(C)N1NC(=O)c1ccc(Cl)c(S(N)(=O)=O)c1,0.007180103566497564
NC(N)=Nc1nc(CSCC/C(N)=N\S(N)(=O)=O)cs1,0.00039354723412543535
CC(=O)Nc1nnc(S(N)(=O)=O)s1,0.002199148293584585
Nc1c[n+](N2CCOCC2)no1,0.0019298649858683348
CC(C)NC(C)Cc1ccc(I)cc1,0.02587423473596573
Nc1ccc2cc3ccc(N)cc3nc2c1,0.9282825589179993
CCCCOC(=O)CCCCCCCCC(=O)OCCCC,0.010266248136758804
COc1cc(C(=O)N2CCCCCCC2)cc(OC)c1OC,0.04769697040319443
CCCCCCCCN(C)C,0.0009731524041853845
c1ccc2c(c1)CCCC2,0.059073321521282196
O=[N+]([O-])c1cc(N(CCO)CCO)ccc1NCCO,0.15438434481620789
Nc1ccc(S(=O)(=O)[O-])cc1,0.009461738169193268
CCCCCCCCCC(=O)N(C)C,0.007177271880209446
O=[N+]([O-])c1ccc(Nc2ccc(Nc3ccccc3)c(S(=O)(=O)[O-])c2)c([N+](=O)[O-])c1,0.3939584493637085
COC(=O)Nc1nc2cc(Sc3ccccc3)ccc2[nH]1,0.44879603385925293
CC(C)(C)NC(=O)[C@@H]1CN(Cc2cccnc2)CCN1C[C@@H](O)C[C@@H](Cc1ccccc1)C(=O)N[C@H]1c2ccccc2C[C@H]1O,0.01723730005323887
NC(=O)[C@H]1O[C@@H](O)[C@H](O)[C@@H](O)[C@@H]1O,6.282955291680992e-05
C=CC(=O)OCCOCC(CC)(COCCOC(=O)C=C)COCCOC(=O)C=C,0.0011447126744315028
COc1cc(OC)nc(Oc2cccc(Oc3nc(OC)cc(OC)n3)c2C(=O)[O-])n1,0.1663801074028015
CN1CCC(CN2c3ccccc3Sc3ccccc32)C1,0.06171629950404167
CCN(CC)CCOC(=O)c1ccc(N)cc1,0.045821867883205414
CCOC(=O)c1ccccc1C(=O)OCC,0.05657397583127022
Cc1ccc(N=C=O)cc1N=C=O,0.15400725603103638
O=C(O)c1ccc(Cl)c(Cl)c1,0.02797820419073105
CC1=C(/C=C/C(C)=C/C=C/C(C)=C/C=C\C=C(C)\C=C\C=C(C)\C=C\C2=C(C)C(=O)CCC2(C)C)C(C)(C)CCC1=O,0.024832531809806824
OCCCBr,0.0038546493742614985
ClC1=C(Cl)[C@]2(Cl)[C@H]3[C@H](C4C=C[C@H]3C4)C1(Cl)C2(Cl)Cl,0.028711235150694847
COc1ccc(COC(C)=O)cc1,0.028730466961860657
CC1(C)O[C@H]2CC(=O)OC[C@@]23[C@H]1CC(=O)[C@]1(C)[C@@H]3CC[C@@]2(C)[C@H](c3ccoc3)OC(=O)[C@H]3O[C@]321,0.003982845228165388
CCC(=O)O[C@@](Cc1ccccc1)(c1ccccc1)[C@@H](C)CN(C)C.O=S(=O)(O)c1ccc2ccccc2c1,0.008868034929037094
Cc1ncc([N+](=O)[O-])n1CC(O)CCl,0.012310470454394817
CCC1COC(Cn2cncn2)(c2ccc(Cl)cc2Cl)O1,0.07773960381746292
CCCCCOC(=O)c1ccc(O)cc1,0.06374354660511017
N#CCCN(CCO)CCO,0.0017685687635093927
CC(=O)N(CC(C)C(=O)O)c1c(I)cc(I)c(N)c1I,0.05645007640123367
CC(C)C(=O)OC(=O)C(C)C,0.006255568936467171
O=C(O)c1cccc(Cl)n1,0.026234669610857964
Oc1ccccc1F,0.06884392350912094
CCCCC(CC)COC(=O)CCCCCCCCC(=O)OCC(CC)CCCC,0.011654411442577839
COC(=O)CC(C)=O,0.0019537301268428564
CCCCC(=O)O[C@H]1CC[C@H]2[C@@H]3CCc4cc(O)ccc4[C@H]3CC[C@]12C,0.03122842311859131
O=C(O)c1cccc(C(=O)O)c1C(=O)O,0.006431386340409517
CC(C)CCCCOC(=O)c1ccccc1C(=O)OCCCCC(C)C,0.037482015788555145
N#CC1(O)CCCCC1,0.0013565224362537265
CCc1nn(C2CCCCC2)c2cc([C@]3(C#N)CC[C@@H](C(=O)O)CC3)ccc12,0.03108638897538185
Nc1cc(Cl)cc(S(=O)(=O)O)c1O,0.037829864770174026
CN(C)CCN(Cc1ccccc1)c1ccccn1.O=C(O)CC(O)(CC(=O)O)C(=O)O,0.0038300303276628256
C/C=C(C)/C=C/C=C(C)C,0.019385067746043205
CCCCCCCCCCCSCC(=O)O,0.004195134621113539
O=C(O)COc1nc(Cl)c(Cl)cc1Cl,0.034693025052547455
CN(C)C(=O)Nc1ccc(Cl)cc1,0.6086265444755554
O=C(Cl)c1ccccc1,0.013608797453343868
CC(C)(O)C(=O)c1ccccc1,0.02055790089070797
Cc1ccc(C(=O)C(C)CN2CCCCC2)cc1,0.019266538321971893
CC1=CCC(O)(C(C)C)CC1,0.009859943762421608
C=C(C)[C@@H]1CCC2=CCC[C@@H](C)[C@]2(C)C1,0.01614481210708618
CC(=O)OCC(=O)Nc1cc(C#N)cc(NC(=O)COC(C)=O)c1Cl,0.07098525762557983
N=C(N)NCCC[C@H](NC(=O)[C@@H]1CCCN1C(=O)[C@@H]1CSSCCC(=O)N[C@@H](Cc2ccc(O)cc2)C(=O)N[C@@H](Cc2ccccc2)C(=O)N[C@@H](CCC(N)=O)C(=O)N[C@@H](CC(N)=O)C(=O)N1)C(=O)NCC(N)=O,0.0005597341223619878
Cc1cccc(C(=O)O)c1O,0.03508392348885536
NC(=O)NC(=O)Cc1ccccc1,0.00042548749479465187
Nc1ccn(C2CO[C@H](CO)O2)c(=O)n1,0.0038992315530776978
Cc1ccnc(N)c1,0.18144278228282928
ClC(Cl)c1ccccc1,0.029855920001864433
CC[C@@H](C(=O)[C@@H](C)[C@@H](O)[C@H](C)[C@@H]1O[C@@H]([C@@H](CC)C(=O)O)[C@@H](C)C[C@@H]1C)[C@H]1O[C@]2(C=C[C@@H](O)[C@]3(CC[C@@](C)([C@H]4CC[C@](O)(CC)[C@H](C)O4)O3)O2)[C@H](C)C[C@@H]1C,0.0032460361253470182
Cc1ccc(C)c(O)c1,0.08579997718334198
O=[N+]([O-])c1cccc(Cl)c1Cl,0.1533137857913971
CCCOC/C(=N\c1ccc(Cl)cc1C(F)(F)F)n1ccnc1,0.19799506664276123
O=C(O)C(F)(F)C(F)(F)C(F)(F)C(F)(F)C(F)(F)C(F)(F)C(F)(F)F,0.016094187274575233
CO[C@H]1C[C@@H]2CC[C@@H](C)[C@@](O)(O2)C(=O)C(=O)N2CCCC[C@H]2C(=O)O[C@H]([C@H](C)C[C@@H]2CC[C@@H](OCCO)[C@H](OC)C2)CC(=O)[C@H](C)C=C(C)[C@@H](O)[C@@H](OC)C(=O)[C@H](C)C[C@H](C)C=CC=CC=C1C,0.0043742903508245945
CC(=O)OC(OC(C)=O)c1ccc([N+](=O)[O-])o1,0.017776135355234146
C[N+](C)(C)CC1CO1,4.3526291847229004e-05
Cc1c(C)c2c(c(C)c1O)CC[C@@](C)(CCC[C@H](C)CCC[C@H](C)CCCC(C)C)O2,0.03473850339651108
CC(C)OC(=O)OCOP(=O)(CO[C@H](C)Cn1cnc2c(N)ncnc21)OCOC(=O)OC(C)C,0.038756318390369415
CCCCOCCOCCOCCO,0.013463391922414303
COc1nc(C)nc(Cl)c1NC1=NCCN1,0.08979076147079468
CCCCc1ccc(C(=O)O)nc1,0.014755969867110252
Cc1ccc(N)nc1,0.1582178771495819
O=S(=O)(Cl)c1ccccc1,0.0008857870707288384
C=Cc1ccccc1,0.009085273370146751
CCOC(=O)C(SP(=S)(OC)OC)c1ccccc1,0.19355712831020355
CCC1(c2ccc(N)cc2)CCC(=O)NC1=O,0.06834245473146439
CCOC(=O)COc1ccc2c(c1)CC(NCC(O)c1cccc(Cl)c1)CC2,0.09370972961187363
OCc1ccco1,0.011693654581904411
COc1cc(NS(=O)(=O)c2ccc(N)cc2)nc(C)n1,0.030994700267910957
NCCc1cc[nH]n1,0.02112000063061714
CCCCOC(CC)OC(C)COC(O)CC,0.017264729365706444
Cc1oc(-c2ccccc2)nc1CCOc1ccc(C[C@H](Nc2ccccc2C(=O)c2ccccc2)C(=O)O)cc1,0.13349562883377075
C[C@@H]([C@H](O)c1ccccc1)N(C)C,0.01709095761179924
CCC(O)OCCCOC,0.006620700005441904
O=S(=O)(O)NC1CCCCC1,0.00017185397155117244
CCCC(C)C(=O)OCC,0.01749434694647789
Nc1cc(S(=O)(=O)O)ccc1S(=O)(=O)O,0.0005527517641894519
CCC(C)(CN(C)C)OC(=O)c1ccccc1,0.0035821518395096064
OCCOCCOCCOCCOCCO,0.012428401969373226
O=C1CCCCCCCCCCC1,0.00135039200540632
COC(=O)/C=C\C(=O)O,4.927482677885564e-06
COc1ccc2cc(S(=O)(=O)N[C@H](CC(=O)N[C@H](Cc3ccc(CN4[C@@H](C)CCC[C@H]4C)cc3)C(=O)N(C)C(C)C)c3ccc4c(c3)OCO4)ccc2c1,0.04395780339837074
N#CC(C#N)=Cc1cc(O)c(O)c(O)c1,0.36446133255958557
CC(=O)OCCOC(C)=O,0.005825497210025787
Nc1cccc(N)n1,0.4034067988395691
O=C(O)c1cc(C(=O)O)c(C(=O)O)cc1C(=O)O,0.003565699327737093
FC(F)(Cl)C(F)(Cl)Cl,0.010049593634903431
C=CC(=O)OCC1CC2CC1C1CCC(COC(=O)C=C)C21,0.002825781935825944
OCCc1ccncc1,0.018126310780644417
CCCCCc1cccc(=O)o1,0.005657574161887169
CCCC/C=C\CCCCCCCCCC=O,0.0031527294777333736
CCCCCCC(C)O,0.007522668689489365
CC(=O)c1ccc(C(C)=O)cc1,0.037672873586416245
CC(C)c1ccc(O)cc1,0.025792710483074188
CCOP(=O)(OCC)Oc1cc(C)nc(C(C)C)n1,0.08530367910861969
CCCC(=O)[O-],0.0005087608587928116
CCCCCC(=O)OCCc1ccccc1,0.013547363691031933
CC(C)=CCC1=C(O)C(=O)c2ccccc2C1=O,0.3676624894142151
O=C(O)Cn1c(=O)n(Cc2ccc(Br)cc2F)c(=O)c2ccc(Cl)cc21,0.011660504154860973
CC/C=C\CCCCCO,0.0016476874006912112
N#CSCSC#N,0.003296336391940713
S=C([S-])NCCNC(=S)[S-].[Mn+2],1.2860742572229356e-05
CC(C)(C)c1cc(O)ccc1O,0.09911008924245834
CC1(C)[C@@H](OC(=O)CCC(=O)[O-])CC[C@@]2(C)[C@H]1CC[C@]1(C)[C@@H]2C(=O)C=C2[C@@H]3C[C@@](C)(C(=O)[O-])CC[C@]3(C)CC[C@]21C,0.004477372393012047
COc1ccc(C(=O)c2ccc(OC)cc2O)c(O)c1,0.5502939224243164
CN(C)CCCN1c2ccccc2CCc2ccc(Cl)cc21,0.05536234378814697
O=C(Cn1cnnn1)N[C@@H]1C(=O)N2C(C(=O)[O-])=C(CSc3nncs3)CS[C@H]12,0.0019132756860926747
OC[C@H]1O[C@@H]2O[C@@H]3[C@@H](CO)O[C@H](O[C@@H]4[C@@H](CO)O[C@H](O[C@@H]5[C@@H](CO)O[C@H](O[C@@H]6[C@@H](CO)O[C@H](O[C@@H]7[C@@H](CO)O[C@H](O[C@H]1[C@H](O)[C@H]2O)[C@H](O)[C@H]7O)[C@H](O)[C@H]6O)[C@H](O)[C@H]5O)[C@H](O)[C@H]4O)[C@H](O)[C@H]3O,9.063819743460044e-05
O=C(O)C(=O)O,6.111926722951466e-06
CC1(C)C2CCC3(C2)[C@H]1C(=O)CCC3(C)C,0.009630654007196426
Cc1nc(-c2ccc(Cl)cc2)oc1COC(C)(C)C(=O)O,0.0974392220377922
CC1=C(O)C(=O)CO1,0.014682082459330559
O=C([O-])c1cccc([N+](=O)[O-])c1,0.011164636351168156
COc1ccc(-c2cc(=O)c3c(O)cc(O[C@@H]4O[C@H](CO[C@@H]5O[C@@H](C)[C@H](O)[C@@H](O)[C@H]5O)[C@@H](O)[C@H](O)[C@H]4O)cc3o2)cc1O,0.02235572226345539
COc1cccc([C@@]2(O)CCCC[C@@H]2CN(C)C)c1,0.015280496329069138
Cn1c(NCCN(CCO)CCCc2ccc([N+](=O)[O-])cc2)cc(=O)n(C)c1=O,0.007041356060653925
BrCBr,0.0029320132452994585
CC(C)(Oc1ccc(CCNC(=O)c2ccc(Cl)cc2)cc1)C(=O)O,0.04329671338200569
OCCOCCN1CCN(C(c2ccccc2)c2ccc(Cl)cc2)CC1,0.016170281916856766
Cc1cc(N)no1,0.008807328529655933
O=C(NC(=O)c1c(F)cccc1F)Nc1ccc(Cl)cc1,0.33681437373161316
CC(CCl)OP(=O)(OC(C)CCl)OC(C)CCl,0.046420805156230927
CC1CCCC1,0.003874702611938119
CCCCCCCC/C=C\CCCCCCCC(=O)O,0.0023417160846292973
[Ba+2],0.5988019108772278
COC1=CC(=O)O[C@@H](/C=C/c2ccc3c(c2)OCO3)C1,0.14216741919517517
C=CC(=O)OCC[N+](C)(C)C,3.2790521800052375e-05
Cc1cccc(CN2CCN(C(c3ccccc3)c3ccc(Cl)cc3)CC2)c1,0.01621478796005249
Cc1ccc(Br)cc1,0.02413906343281269
CCCCCC(C=O)=Cc1ccccc1,0.025198742747306824
CCn1cc(C(=O)O)c(=O)c2cc3c(cc21)OCO3,0.13030679523944855
NC(=O)CS(=O)C(c1ccccc1)c1ccccc1,0.003265785053372383
CCCCN(CCCC)CCCOC(=O)c1ccc(N)cc1,0.04476041719317436
CCCSC(=O)N(CCC)CCC,0.029515905305743217
C[C@@H]1CC2(OC3C[C@@]4(C)C5=CC[C@H]6C(C)(C)C(O[C@@H]7OC[C@@H](O)[C@H](O)[C@H]7O)CC[C@@]67C[C@@]57CC[C@]4(C)C31)OC(O)C1(C)OC21,0.002992994152009487
CCCOc1ccc2nc(NC(=O)OC)sc2c1,0.8295997381210327
CC(=O)O[C@H]1CC[C@@]2(C)C(=CC[C@H]3[C@@H]4CC[C@H](C(C)=O)[C@@]4(C)CC[C@@H]32)C1,0.00611084932461381
Cc1cnc(C2=NC(=O)C(C)(C(C)C)N2)c(C(=O)O)c1,0.05342191830277443
CCN(CC)Cc1cc(Nc2ccnc3cc(Cl)ccc23)ccc1O,0.44327491521835327
CC(C)(C)NCCO,0.006098056212067604
NNC(=O)CP(=O)(c1ccccc1)c1ccccc1,0.11172829568386078
C=CC(=O)NC(C)C,0.001097021042369306
CCCCc1ncc(/C=C(\Cc2cccs2)C(=O)O)n1Cc1ccc(C(=O)O)cc1,0.025461656972765923
c1ccc(CN(CC2=NCCN2)c2ccccc2)cc1,0.04416048154234886
CC(Cl)(Cl)C(=O)O,0.004819947294890881
Cc1c(COC(=O)C2C(/C=C(\Cl)C(F)(F)F)C2(C)C)cccc1-c1ccccc1,0.0990886464715004
C[C@H](N[C@H](CCc1ccccc1)C(=O)O)C(=O)N1CCC[C@H]1C(=O)O,0.007091877982020378
CN/C=N/c1ccc(C)cc1C,0.4027208685874939
CCC1OC(=O)C[C@@H](O)[C@H](C)[C@@H](O[C@@H]2O[C@H](C)C[C@H](N(C)C)[C@H]2O)[C@@H](CC=O)C[C@@H](C)C(=O)C=C[C@]2(C)OC2C1C,0.002272221492603421
COc1ccc2c(c1)[C@@]13CCCCC1[C@@H](C2)N(C)CC3,0.05058535933494568
COc1cc([C@@H]2c3cc4c(cc3C(O[C@@H]3O[C@@H]5CO[C@@H](C)O[C@H]5[C@H](O)[C@H]3O)C3COC(=O)[C@@H]32)OCO4)cc(OC)c1OP(=O)(O)O,0.023124756291508675
[O-][Cl+3]([O-])([O-])[O-],0.0002261519548483193
C=CC(O)CCCCC,0.005996054038405418
CCC(C)(CCC(C)C)C(=O)[O-].CCC(C)(CCC(C)C)C(=O)[O-],0.011433623731136322
Cc1cc(OCCOCC[N+](C)(C)Cc2ccccc2)ccc1C(C)(C)CC(C)(C)C,0.003810285357758403
C1CN2CCN1CC2,0.005098083522170782
CCO[Si](CCCS)(OCC)OCC,0.002457331633195281
Cc1ccc(C=C2C(=O)C3CCC2C3(C)C)cc1,0.09928812831640244
COc1ccc(-c2coc3cc(O)ccc3c2=O)cc1,0.48783332109451294
CCC(Cc1c(I)cc(I)c(N)c1I)C(=O)O,0.105857715010643
O=Cc1ccccc1Cl,0.016666406765580177
Clc1ccc2ccccc2c1,0.3701881468296051
CC(=O)c1cc(C)oc1C,0.029680682346224785
C=CCCCCCC,0.005764562636613846
COc1c(Cl)ccc(Cl)c1C(=O)O,0.07496345788240433
CC[N+](CC)(CC)CC,5.23518247064203e-05
COc1cc(C(=O)N2CCOCC2)cc(OC)c1OC,0.06806081533432007
O=C1[N-]C(=O)c2ccccc21,0.051132768392562866
O=[N+]([O-])CCO,7.992816244950518e-05
C[C@H]1[C@H](NC(=O)C(=NOC(C)(C)C(=O)O)c2csc(N)n2)C(=O)N1S(=O)(=O)O,0.005807769019156694
Cc1ccc(Cl)c(N)c1Cl,0.3643481135368347
Cc1ccc(C(C)(C)c2ccc(C)cc2)cc1,0.00977275799959898
CC(C)SCc1ccco1,0.0359179712831974
CCCCN(N=O)C(=N)N[N+](=O)[O-],0.008515186607837677
CC(=O)OCC(=O)[C@H]1CC[C@H]2[C@@H]3CCC4=CC(=O)CC[C@]4(C)[C@H]3CC[C@]12C,0.00861508771777153
COC(=O)c1cccc(Cl)c1,0.027886979281902313
N[C@@H](Cc1cc(I)c(Oc2ccc(O)c(I)c2)c(I)c1)C(=O)[O-],0.17141540348529816
CC(C)c1ncc([N+](=O)[O-])n1C,0.012440979480743408
Cc1ccccc1C#N,0.06763923913240433
O=NN1CCCCCCC1,0.00245386129245162
Cc1cccc(C)c1O,0.08056896924972534
C=CC(=O)OCCCCCC,0.0034034824930131435
Nc1cccc(S(=O)(=O)c2cccc(N)c2)c1,0.08334209024906158
O=[N+]([O-])c1ccc(Oc2ccc([N+](=O)[O-])cc2)cc1,0.14384527504444122
CC(=O)c1ccc2c(c1)CCCC2,0.07116453349590302
CC(C)(C)OC(=O)N1C[C@@H](F)C[C@H]1C(=O)O,0.007044403348118067
C[n+]1ccn(CCO)c1.F[B-](F)(F)F,0.0009631641441956162
OC(CCl)CCl,0.008516611531376839
O=S1OCC2C(CO1)C1(Cl)C(Cl)=C(Cl)C2(Cl)C1(Cl)Cl,0.018116934224963188
C=C1[C@H]2CC[C@@H]3[C@H]2C(C)(C)CCC[C@]13C,0.010285859927535057
COc1ccc(N)c(OC)c1,0.7509360909461975
Nc1cc(N2CCCCC2)nc(N)[n+]1[O-],0.07677797973155975
CCOc1nc2cccc(C(=O)OC(C)OC(=O)OC3CCCCC3)c2n1Cc1ccc(-c2ccccc2-c2nnn[nH]2)cc1,0.08074836432933807
CC/C=C\C/C=C\C/C=C\CCCCCCCC(=O)O,0.0002479457762092352
CCSC(=O)N(CC)C1CCCCC1,0.024370990693569183
CN1C(C(=O)Nc2ccccn2)C(=O)c2sc(Cl)cc2S1(=O)=O,0.19432012736797333
CCCCCCCCCCCCOS(=O)(=O)[O-],0.002872187877073884
CCn1cc[n+](C)c1,0.0052960761822760105
O=C(O)CCC(=O)O,5.14494749950245e-05
CN(C)C=O,4.999194061383605e-05
O=C=Nc1cccc(C(F)(F)F)c1,0.1130627691745758
CNC(C)C(O)c1ccc(O)cc1,0.11488378047943115
CCCCCC#CC(=O)OC,0.013313083909451962
Cc1c[nH]cn1,0.07679253071546555
CC(C)NCC(O)c1ccc([N+](=O)[O-])cc1,0.09565652161836624
O=CCCl,0.0005161583540029824
CCCCCCCCCCC(=O)O,0.0024064858444035053
OC[C@@H](O)[C@H]1O[C@@H]2O[C@H](C(Cl)(Cl)Cl)O[C@@H]2[C@H]1O,5.162463276064955e-05
CCCCCCCCSCC,0.010940619744360447
NC(=O)c1cc([N+](=O)[O-])cc([N+](=O)[O-])c1,0.007821870967745781
CNC(=S)[S-],5.238395033302368e-07
COc1ccc2c(c1)c(CC(=O)OCC(=O)O)c(C)n2C(=O)c1ccc(Cl)cc1,0.07198259979486465
C=C(C)C(=O)OCCOCCOC(=O)C(=C)C,0.003972871694713831
OCCCCO,0.002605313202366233
CC(C)[C@@H](Nc1ccc(C(F)(F)F)cc1Cl)C(=O)OC(C#N)c1cccc(Oc2ccccc2)c1,0.09697465598583221
NNc1nncc2ccccc12,0.7249830365180969
CS(=O)(=O)c1cc(C(F)(F)F)ccc1C(=O)c1cnoc1C1CC1,0.019056545570492744
CCOP(=S)(Oc1cnc(C(C)(C)C)nc1)OC(C)C,0.5882872939109802
FC(F)(F)c1ccc(Cl)c(Cl)c1,0.12546692788600922
CC(=O)[C@H]1CC[C@H]2[C@@H]3CC[C@H]4C[C@](C)(O)CC[C@]4(C)[C@H]3CC[C@]12C,0.003664850490167737
CC(C)(CO)[C@@H](O)C(=O)NCCCC(=O)[O-].CC(C)(CO)[C@@H](O)C(=O)NCCCC(=O)[O-],0.0032176815439015627
N[Pt]1(N)OC(=O)C2(CCC2)C(=O)O1,0.0064356387592852116
O=[N+]([O-])c1cccc(S(=O)(=O)NCCNS(=O)(=O)c2cccc([N+](=O)[O-])c2)c1,0.006485122721642256
N#CCCC(Br)(C#N)CBr,0.006589206866919994
COC(C)(OC)OC,0.005683451425284147
CCCCN1C[C@H](O)[C@@H](O)[C@H](O)[C@H]1CO,0.003162791719660163
O=S(=O)([O-])O.[Na+],1.336738932877779e-06
CCOP(=S)(OCC)Oc1ccc(Cl)cc1Cl,0.8961713314056396
CN(C)Cc1cc(C(C)(C)C)c(O)c(C(C)(C)C)c1,0.002844050992280245
Cc1ccc([N+](=O)[O-])cc1S(=O)(=O)O,0.003263169201090932
Clc1cc(C(Cl)(Cl)Cl)cnc1Cl,0.19808048009872437
CCOC(=O)C(C)Oc1ccc(Oc2cnc3cc(Cl)ccc3n2)cc1,0.18773674964904785
NCCCCCCN,0.039154767990112305
CCCCC(CC)C(=O)[O-],0.00651887571439147
O=C(CCCN1CC=C(n2c(=O)[nH]c3ccccc32)CC1)c1ccc(F)cc1,0.06509702652692795
c1ccc2cc(CC3=NCCN3)ccc2c1,0.16189637780189514
C=C(C)[C@@H]1CC=C(C=O)CC1,0.005188071168959141
CC[C@@H](C(=O)[C@@H](C)[C@@H](O)[C@H](C)CCc1ccc(C)c(O)c1C(=O)[O-])[C@H]1O[C@](CC)([C@H]2CC[C@](O)(CC)[C@H](C)O2)C[C@@H]1C,0.009202850051224232
CC1(C)CCC[C@@]2(C)[C@H]1CC[C@@]1(C)OC(=O)C[C@H]21,0.002300059888511896
COC(=O)/C=C/c1ccccc1,0.0567747987806797
C1CCCCC1,0.0021204715594649315
Nc1ccccc1C(=O)Oc1ccc2ccccc2c1,0.5922631621360779
CCCCCCn1cc[n+](C)c1.O=S(=O)([N-]S(=O)(=O)C(F)(F)F)C(F)(F)F,0.002595769939944148
O=C(Cl)c1ccccc1F,0.020105231553316116
COc1cc(C[C@@H](C)N)c(OC)cc1C,0.0746881291270256
CCCCNc1ccc(C(=O)OCC[NH+](CC)CC)cc1,0.06542370468378067
CN(CCOc1ccc(NS(C)(=O)=O)cc1)CCc1ccc(NS(C)(=O)=O)cc1,0.004532416816800833
Clc1ccc(Cn2c(CN3CCCC3)nc3ccccc32)cc1,0.041867781430482864
NC(=O)N/N=C/c1ccc([N+](=O)[O-])o1,0.01166564878076315
CCCCCCCCCCCCI,0.00888417661190033
Cc1cc(C)c(C)c(O)c1,0.12046855688095093
CCC(=O)Nc1ccc(O)cc1,0.3087906837463379
Cn1cc(NC(=O)c2cc(NC(=O)c3cc(NC=O)cn3C)cn2C)cc1C(=O)NCCC(=N)N,0.16376294195652008
N[Pt](N)(Cl)Cl,9.811270684778606e-10
COc1cc2c(cc1OC)C1CC(=O)C(CC(C)C)CN1CC2,0.08437877893447876
CC(C)(C)C(=O)O,0.0034672010224312544
O=C1OC(=O)c2ccccc21,0.030023843050003052
C=CC=O,5.33201955477125e-06
CC1(C)S[C@@H]2[C@H](NC(=O)C3(N)CCCCC3)C(=O)N2[C@H]1C(=O)O,0.003211420262232423
OC[C@]1(O)OC[C@@H](O)[C@H](O)[C@@H]1O,0.000732630433049053
CCOP(=O)(OCC)SCCSCC,0.0289903674274683
CC(C)(Cl)[N+](=O)[O-],0.007724076509475708
O=C(O)C1(c2ccc3c(c2)OC[C@H](Cc2ccc(-c4ccccc4)cc2)[C@H]3O)CCCC1,0.11960728466510773
CSc1nnc(C(C)(C)C)c(=O)n1N,0.010818326845765114
C#CC1(O)CC[C@H]2[C@@H]3CCC4=CC(=O)CC[C@@H]4[C@H]3CC[C@@]21CC,0.009098268114030361
CCCCC/C=C\CCC(=O)N[C@H]1[C@H](Oc2c3cc4cc2Oc2ccc(cc2Cl)[C@@H](O[C@@H]2O[C@H](CO)[C@@H](O)[C@H](O)[C@H]2NC(C)=O)[C@@H]2NC(=O)[C@H](NC(=O)[C@@H]4NC(=O)[C@H]4NC(=O)[C@@H](Cc5ccc(c(Cl)c5)O3)NC(=O)[C@@H](N)c3ccc(O)c(c3)Oc3cc(O)cc4c3)c3ccc(O)c(c3)-c3c(O[C@H]4O[C@H](CO)[C@@H](O)[C@H](O)[C@@H]4O)cc(O)cc3[C@H](C(=O)O)NC2=O)O[C@H](CO)[C@@H](O)[C@@H]1O,0.009268884547054768
Oc1ccc(O)c2c(O)cccc12,0.8275726437568665
C=C(C)C(=O)OCCCCCCCC(C)C,0.006177651695907116
COC(=O)CC(C(C)=O)C(=O)OC,0.0056489915587008
N#CCNCC#N,0.004241081420332193
COc1ccc(CCC(=O)c2c(O)cc(O[C@@H]3O[C@H](CO)[C@@H](O)[C@H](O)[C@H]3O[C@@H]3O[C@@H](C)[C@H](O)[C@@H](O)[C@H]3O)cc2O)cc1O,0.011290282942354679
Cc1cccc([N+](=O)[O-])c1,0.038360513746738434
O=C(N[C@@H]1N=C(c2ccccc2F)c2cccc3c2N(CC3)C1=O)c1cc2ccccc2[nH]1,0.24946755170822144
OC1OC[C@@H](O)[C@H](O)[C@@H]1O,0.00032422682852484286
CC(C)CC(C)O,0.0075361342169344425
O=C(O)COCCN1CCN(C(c2ccccc2)c2ccc(Cl)cc2)CC1,0.00715183699503541
CN(C)CCN(Cc1ccc(Cl)cc1)c1ccccn1,0.019693396985530853
C/C=C1\[C@H]2C=C(C)C[C@]1(N)c1ccc(=O)[nH]c1C2,0.04675968363881111
CCCCCC1CCC(=O)O1,0.004461351316422224
C[C@]12CC[C@H]3[C@@H](CCC4=C(O)C(=O)CC[C@@]43C)[C@@H]1CCC2=O,0.011386143043637276
O=C(COc1ccc(Cl)cc1)OCCNC12CC3CC(CC(C3)C1)C2,0.02086435817182064
OCC(CO)n1cnc(-c2ccc(F)cc2)c1-c1ccnc(Oc2ccccc2)n1,0.15167097747325897
CO[Si](C)(OC)OC,0.0014108790783211589
CCC(C)(C)CC,0.00020877894712612033
CCC[C@@H]1C[C@@H](C(=O)N[C@H]([C@@H](C)O)[C@H]2O[C@H](SC)[C@H](O)[C@@H](O)[C@H]2O)N(C)C1,0.0013444371288642287
CCNS(=O)(=O)c1ccc(C)cc1,0.004552051890641451
CC1CC(=O)O1,0.0028253428172320127
CCCCCCCCCCCCCCCCOS(=O)(=O)[O-],0.003746418748050928
CN(C)C(=O)Nc1cccc(OC(=O)NC(C)(C)C)c1,0.22931483387947083
Nc1ccn([C@@H]2O[C@H](CO)[C@@H](O)[C@@H]2O)c(=O)n1,0.0014543854631483555
COC(=O)CCCC(=O)O,0.000918149424251169
CC(C)n1c(/C=C/[C@@H](O)C[C@@H](O)CC(=O)O)c(-c2ccc(F)cc2)c2ccccc21,0.10357595980167389
ClP(Cl)c1ccccc1,0.086281418800354
CCCCOC(=O)CCC(=O)OCCCC,0.00854470208287239
O=C1O[Pt]2(N[C@@H]3CCCC[C@H]3N2)OC1=O,0.0017763373907655478
CC(C)=O,0.00024399074027314782
CC(C)OC(=O)C(O)(c1ccc(Cl)cc1)c1ccc(Cl)cc1,0.05224001407623291
CCO[Si](C)(OCC)OCC,0.0022219305392354727
CCCC=O,0.0011641922174021602
O=Nc1ccc(O)cc1,0.288303017616272
Cc1ccc(S(=O)(=O)NC(=O)NC2CCCC2)cc1,0.0015631745336577296
CCC(=O)c1ccc(O)cc1,0.10642634332180023
O=C(O)c1ccccc1O.Oc1cccc2cccnc12,0.2599474787712097
O=C1OC2(c3cc(Br)c([O-])cc3Oc3c2cc(Br)c([O-])c3[Hg]O)c2ccccc21,0.2866470217704773
CC(O)CN(CC(C)O)CC(C)O,0.0024673009756952524
ClC1=C(Cl)C2(Cl)C(CBr)CC1(Cl)C2(Cl)Cl,0.048441082239151
CC(C)(C)C(=O)OCOC(=O)[C@@H]1N2C(=O)[C@@H](N=CN3CCCCCC3)[C@H]2SC1(C)C,0.006287282798439264
CCCNC(C)C(=O)Nc1ccccc1C,0.20783782005310059
Cc1ccc2c(c1)OCC(=O)CO2,0.02966533973813057
CCOC(=O)[C@@H](C)Oc1ccc(Oc2nc3ccc(Cl)cc3o2)cc1,0.1497928351163864
CC(C)CCCCCCOC(=O)c1ccccc1C(=O)OCCCCCCC(C)C,0.03154892101883888
COc1ccc(N)cc1N,0.8967857956886292
CC(N)Cc1ccc2c(c1)OCO2,0.09007085859775543
CCC(=O)OCCc1ccccc1,0.008538903668522835
O=C1c2cccc(O)c2C(=O)c2c(O)cc(CO)cc21,0.6897568702697754
O=c1[nH]c2cc(Cl)ccc2o1,0.09128177165985107
O=C(O)C(=O)Cc1c[nH]c2ccccc12,0.16216367483139038
Oc1cccc2ccccc12,0.6130250096321106
CCCCC(CC)COC(C)=O,0.009588132612407207
CCOC(=O)n1ccn(C)c1=S,0.04587310925126076
COc1cc([C@@H]2c3cc4c(cc3[C@@H](O)[C@H]3COC(=O)[C@H]23)OCO4)cc(OC)c1O,0.2883366346359253
CCOC(=O)Cc1cccc(-c2cc(CCCCCCc3ccc(O[C@H]4O[C@H](COC(C)=O)[C@@H](OC(C)=O)[C@H](OC(C)=O)[C@@H]4OC(C)=O)c(-c4cccc(CC(=O)OCC)c4)c3)ccc2O[C@H]2O[C@H](COC(C)=O)[C@@H](OC(C)=O)[C@H](OC(C)=O)[C@@H]2OC(C)=O)c1,0.012534116394817829
COc1ccc(N)c(C)c1,0.5850178003311157
O=C1C(O)=C(O)C(=O)C(O)=C1O,0.2707884609699249
O=C(O)c1cc(C(=O)O)cc(S(=O)(=O)[O-])c1,0.0005158873973414302
Nc1ccc(NC(=O)c2ccc(N)cc2)cc1,0.9250199198722839
COC(=O)c1ccccc1N,0.3363901972770691
CC(=O)OCc1ccc2c(c1)OCO2,0.11583073437213898
CCN(CC)c1nc(C)cc(OP(=S)(OC)OC)n1,0.6349091529846191
CCn1cc[n+](C)c1.O=S(=O)([N-]S(=O)(=O)C(F)(F)F)C(F)(F)F,0.001633912674151361
C=CCNCC=C,0.0037160906940698624
CCCCC/C(=C/c1ccccc1)CO,0.016520388424396515
CC(C)=CC=O,0.0009535562712699175
CCC1(C)NC(=O)NC1=O,0.004370981361716986
COC(=O)c1ccccc1S(=O)(=O)NC(=O)N(C)c1nc(C)nc(OC)n1,0.007322903256863356
O=C1c2ccccc2C(=O)c2cc(Cl)ccc21,0.6252511143684387
CC1CC(=O)CC(C)(C)C1,0.001826475840061903
COC(C)(C)OC,0.02973167411983013
CC1=C(/C=C/C(C)=C\C=C/C(C)=C/C(=O)O)C(C)(C)CCC1,0.0018093411345034838
Clc1cccc(C(Cl)(Cl)Cl)n1,0.10028858482837677
OCC=Cc1ccccc1,0.025755731388926506
Clc1cccc(C(c2ccc3nc[nH]c3c2)n2ccnc2)c1,0.2174796611070633
COc1ccc(C(=O)NCc2ccc(OCCN(C)C)cc2)cc1OC,0.03517942503094673
COc1c2occc2c(OC)c2c(=O)cc(C)oc12,0.499356746673584
CC(C)(C)S,4.2157998905167915e-06
C=CC[N@@+]12CC[C@@]34c5ccccc5N5C=C6[C@H]7C[C@H]8[C@@]9(CC[N@@+]8(CC=C)C/C7=C/CO)c7ccccc7N(C=C([C@@H](C[C@@H]31)/C(=C\CO)C2)[C@H]54)[C@@H]69,0.016826042905449867
C=CC#N,3.5039989597862586e-05
O=C([O-])c1cc(Oc2ccc(C(F)(F)F)cc2Cl)ccc1[N+](=O)[O-],0.07630724459886551
CCCCP(CCCC)CCCC,0.0068274689838290215
CCn1cc(C(=O)O)c(=O)c2cc(F)c(N3CCNCC3)cc21,0.039713047444820404
CCCCC(=O)O,0.0005592803354375064
C=CCCCCCCCCCC,0.007365808356553316
NCCNCCN,0.025059835985302925
C[C@@H](O)[C@H]1C(=O)N2C(C(=O)O)=C(S[C@@H]3CN[C@H](C(=O)N(C)C)C3)[C@H](C)[C@H]12,0.00780510576441884
CN/C(=C\[N+](=O)[O-])NCCSCc1ccc(CN(C)C)o1,0.0028969489503651857
C=CC(=O)NC(C)(C)CS(=O)(=O)O,0.00011078523675678298
Nc1nc(N)nc(NC2CC2)n1,0.03351498395204544
CN[C@@H]1[C@@H](O)[C@@H](O[C@@H]2[C@@H](O)[C@H](OC3OC(CN)=CCC3N)[C@@H](N)C[C@H]2N)OC[C@]1(C)O.CN[C@@H]1[C@@H](O)[C@@H](O[C@@H]2[C@@H](O)[C@H](OC3OC(CN)=CCC3N)[C@@H](N)C[C@H]2N)OC[C@]1(C)O,0.00165260408539325
C#CC1(O)CCCCC1,0.003888641018420458
CC=CC=O,0.00022134270693641156
C=CCCl,0.0014120828127488494
O=C1C[N+]([O-])=C(c2ccccc2)c2cc(Cl)ccc2N1,0.13862237334251404
O=C(O)c1ccc(S(=O)(=O)O)cc1C(=O)O,0.000572836201172322
Cc1cc2nc(N)sc2cc1C,0.811881422996521
CC(=O)CC(C)(C)O,0.00025079146143980324
CC(O)(c1ccc(Cl)cc1)c1ccc(Cl)cc1,0.023668359965085983
C[C@@H](O)[C@H]1C(=O)N2C(C(=O)O)=C(S[C@@H]3CN[C@H](CNS(N)(=O)=O)C3)[C@H](C)[C@H]12,0.0012977559817954898
CCN(CCN)c1cccc(C)c1,0.1874130815267563
COP(N)(=S)Oc1ccccc1C(=O)OC(C)C,0.44068443775177
CN1C(=O)N(C)C(O)C1O,0.0066851237788796425
O=S(=O)([O-])CO,1.1349484339007176e-05
CCCCNc1ccc(C(=O)OCCOCCOCCOCCOCCOCCOCCOCCOCCOC)cc1,0.06159768998622894
CCCCCCOC(=O)c1cccnc1,0.036483004689216614
C[N+]1([O-])[C@H]2C[C@H](OC(=O)[C@H](CO)c3ccccc3)C[C@@H]1[C@H]1O[C@@H]21,0.003071982879191637
O=[N+]([O-])c1ccc(O)c2ncccc12,0.6349582076072693
ClC=CCCl,0.005734497215598822
O=C(O)C(Br)(Br)Br,0.0016436418518424034
CN(Cc1ccc(C(C)(C)C)cc1)Cc1cccc2ccccc12,0.023955227807164192
CCC(=O)N(c1ccccc1)[C@@H]1CCN(CCc2ccccc2)C[C@@H]1C,0.02034837380051613
OCCCCC(O)CO,0.0034684219863265753
CCCCCCCCCC(=O)O[C@H]1CC[C@H]2[C@@H]3CCC4=CC(=O)CC[C@]4(C)[C@H]3CC[C@]12C,0.008546262048184872
COc1ccc(NS(=O)(=O)c2ccc(N)cc2)nn1,0.013482391834259033
Nc1c(Cl)c(F)nc(OCC(=O)O)c1Cl,0.06202857941389084
CC(=O)/C=C/C1C(C)=CCCC1(C)C,0.005966221913695335
CC(=O)OCC(=O)[C@@]1(O)CC[C@H]2[C@@H]3CCC4=CC(=O)CC[C@]4(C)C3=CC[C@@]21C,0.013354242779314518
O=[N+]([O-])[O-].[Na+],7.982858733157627e-06
COc1ccc(-c2cc(C(F)F)nn2-c2ccc(S(N)(=O)=O)cc2)cc1F,0.03174879774451256
O=C(O)c1ccccc1-n1cc(C(=O)O)c(=O)c2cc(Nc3c(F)cc(F)cc3Cl)c(Cl)cc21,0.21105502545833588
O=C1CCCCCCCCCCCN1,0.0012419954873621464
C=C(c1ccc(C(=O)O)cc1)c1cc2c(cc1C)C(C)(C)CCC2(C)C,0.039806850254535675
CC1(C)CCC(C)(C)c2cc(C(=O)Nc3ccc(C(=O)O)cc3)ccc21,0.18713440001010895
COc1cc(-c2ccc(N)c(OC)c2)ccc1N,0.8910849690437317
CCN(CC)C(=O)N1CCN(C)CC1.O=C(O)CC(O)(CC(=O)O)C(=O)O,0.0012321508256718516
CC(C#N)CCC#N,0.00751612801104784
O=C(OCc1ccccc1)c1ccccc1O,0.05242251977324486
CC(=O)c1ccc2ccc3ccccc3c2c1,0.6659854650497437
CC(C(=O)O)c1ccc(C(=O)c2cccs2)cc1,0.03902937471866608
CCCCOCCOP(=O)(OCCOCCCC)OCCOCCCC,0.015908384695649147
CC(C)C1=CC2=CC[C@H]3[C@](C)(C(=O)O)CCC[C@]3(C)[C@H]2CC1,0.02548317238688469
CC1(C)OC[C@@H](COC(=O)CCc2ccc(OC[C@@H](O)CNCCNC(=O)N3CCOCC3)cc2)O1,0.018923237919807434
CCCCCCCCCCCCC1CO1,0.010542736388742924
c1ccc2cc3c4ccccc4c4ccccc4c3cc2c1,0.7920024394989014
c1ccc2c(c1)Sc1ccccc1N2C[C@@H]1CN2CCC1CC2,0.0698462575674057
Cc1nc2sccn2c(=O)c1CCN1CCC(=C(c2ccc(F)cc2)c2ccc(F)cc2)CC1,0.04900282248854637
O=c1[nH]c(=O)n([C@H]2C[C@H](O)[C@@H](CO)O2)cc1/C=C/Br,0.0013075461611151695
O=Nc1ccc(Nc2ccccc2)cc1,0.6105301380157471
Cc1oc(-c2ccccc2)nc1CCOc1cccc2c1ccn2CCC(=O)O,0.176322802901268
CN1CCCN=C1COC(=O)C(O)(c1ccccc1)C1CCCCC1,0.026133691892027855
CC(=O)OCCN(CCOC(C)=O)c1ccc(/N=N/c2ccc([N+](=O)[O-])cc2C#N)cc1,0.4023866057395935
[Zn+2],0.031317248940467834
CCCCCCCCCCCCSC,0.009663405828177929
CCC(C)(CCCC(C)C)OC(C)=O,0.00879992637783289
CC(C)C[C@H](NC(=O)[C@@H](COC(C)(C)C)NC(=O)[C@H](Cc1ccc(O)cc1)NC(=O)[C@H](CO)NC(=O)[C@H](Cc1c[nH]c2ccccc12)NC(=O)[C@H](Cc1c[nH]cn1)NC(=O)[C@@H]1CCC(=O)N1)C(=O)N[C@@H](CCCNC(=N)N)C(=O)N1CCC[C@H]1C(=O)NNC(N)=O,0.005131544545292854
CCc1cccc(N(C)C(=N)Nc2cccc3ccccc23)c1,0.46885251998901367
CC(C)=CCC/C(C)=C/COC=O,0.007683879230171442
c1ccc2nccnc2c1,0.34723663330078125
CCc1cc(Cc2cc(CC)c(N)c(CC)c2)cc(CC)c1N,0.095432810485363
O=C1CC2CC1C1CCCC21,0.006404221523553133
NC(=O)c1ccccc1N,0.05126897245645523
Nc1ccc2ccccc2c1,0.8331893086433411
CC(=O)C=Cc1ccco1,0.022446177899837494
CCC(=O)N(c1ccccc1)[C@H]1CCN(CCc2ccccc2)C[C@@H]1C,0.022297926247119904
C=C1C[C@]23C[C@@]1(O)CC[C@H]2[C@@]12C=C[C@H](O)[C@@](C)(C(=O)O1)[C@H]2[C@@H]3C(=O)O,0.00581736396998167
CSSC,0.0036770356819033623
CC(C)CCCCCCCOC(=O)c1ccc(C(=O)OCCCCCCCC(C)C)c(C(=O)OCCCCCCCC(C)C)c1,0.02878059260547161
CCCC[n+]1ccccc1,0.009512833319604397
NCCOCCOCCN,0.03319523110985756
CC(C)CCCCCCCCCCCCCCC(=O)O,0.004236549139022827
CN1[C@H]2CC[C@@H]1C[C@H](O)C2,0.0031681694090366364
CC(C)CCO,0.006090148817747831
Sc1nnc(S)s1,0.0012479323195293546
CC(C)c1cccc(C(C)C)c1O,0.02269463986158371
CC(=O)C(=O)CC(C)C,0.003925439901649952
CC1CC(C)C(=O)C1=O,0.008322142995893955
COc1cc(NS(=O)(=O)c2ccc(N)cc2)ncn1,0.03886288404464722
CC(C)(C)NCCNC(C)(C)C,0.009787013754248619
CC(N)CN,0.003293020185083151
CC(=O)C(=O)O,0.00010407380614196882
COc1ccc([C@@H]2CC(=O)c3c(O)cc(O[C@@H]4O[C@H](CO[C@@H]5O[C@@H](C)[C@H](O)[C@@H](O)[C@H]5O)[C@@H](O)[C@H](O)[C@H]4O)cc3O2)cc1O,0.012188958935439587
CCC1(c2ccccc2)C(=O)N(COC)C(=O)N(COC)C1=O,0.004783702548593283
Cc1cc(O)c(Cl)c(C)c1Cl,0.34981292486190796
O=C(OCCCCCCOC(=O)c1ccccc1)c1ccccc1,0.027783486992120743
C[Si]1(C)O[Si](C)(C)O[Si](C)(C)O[Si](C)(C)O[Si](C)(C)O1,9.828143083723262e-05
CC(C)CC(O)Cc1ccccc1,0.010821904055774212
CCCCCCC(CCCCCCCCCCC(=O)OCC(COC(C)=O)OC(C)=O)OC(C)=O,0.012900092639029026
CC1=CCC(C(C)C)=CC1,0.028705717995762825
CC(C)C(C(=O)OC(C#N)c1cccc(Oc2ccccc2)c1)c1ccc(Cl)cc1,0.0376175157725811
CCCCOC(=O)CC#N,0.005118945147842169
C[C@]12CC[C@H]3[C@@H](CCC4=CC(=O)CC[C@@]43C)[C@@H]1CC[C@@H]2OC(=O)CCc1ccccc1,0.008368794806301594
ONc1ccccc1,0.3814198970794678
C1N2CN3CN1CN(C2)C3,1.3460415857480257e-06
CC(C)c1ccccc1O,0.03809429705142975
O=[Mo](=O)=O,1.9411410256964245e-09
CC1(C)NC(=O)N(c2ccc([N+](=O)[O-])c(C(F)(F)F)c2)C1=O,0.04752981290221214
CCOC(=O)CC([O-])C(=O)OCC,0.010746719315648079
CC(C)(Oc1ccc(C2CCCc3ccccc32)cc1)C(=O)O,0.04709725081920624
CS(=O)(=O)c1ccc([C@@H](O)[C@@H](CO)NC(=O)C(Cl)Cl)cc1,0.004591829609125853
CCOP(=S)(OCC)SCCl,0.681249737739563
Cl/C=C\Cl,5.53899553779047e-05
O=C(O)CCc1nc(-c2ccccc2)c(-c2ccccc2)o1,0.09194158762693405
Oc1c(Cl)cc(Cl)c2cccnc12,0.55724036693573
CO[C@H]1O[C@H](CO)[C@@H](O)[C@H](O)[C@H]1O,0.00024932759697549045
O=C1CN(N=Cc2ccc(-c3ccc([N+](=O)[O-])cc3)o2)C(=O)[N-]1,0.18957771360874176
O=[N+]([O-])c1cc(Cl)c(Cl)cc1Cl,0.19108781218528748
Cc1ncc(C[n+]2csc(CCOP(=O)(O)O)c2C)c(N)n1,0.010893810540437698
C=CC(=O)OC(C)(C)C,0.002577036852017045
COc1cc(C=C2CCCC(=Cc3ccc(O)c(OC)c3)C2=O)ccc1O,0.49570316076278687
C1CC(COCC2CO2)CCC1COCC1CO1,0.007616108749061823
CCC1(CC)C(=O)C=CNC1=O,0.018079308792948723
CC(C)[N+](C)(CCOC(=O)C1c2ccccc2Oc2ccccc21)C(C)C,0.050927311182022095
[Co+2],0.0008502338896505535
[Fe+3],0.002456320682540536
CC1=C(/C=C/C(C)=C/C=C/C(C)=C/CO)C(C)(C)CCC1,0.03137734904885292
CC(CC(=O)Cl)CC(C)(C)C,0.0012245511170476675
CN1C(C)(C)CCCC1(C)C,0.01054171659052372
Cc1cc(C)cc(O)c1,0.07291988283395767
O=c1cc(-c2ccccc2)oc2cc(O)cc(O)c12,0.4819238781929016
CC(=O)C(C)C,0.00446829479187727
CNC(=O)N(C)c1nnc(C(C)(C)C)s1,0.025322118774056435
CCOP(=O)(CC)Oc1ccc([N+](=O)[O-])cc1,0.206496924161911
CC(C)C1(C)N=C(c2nc3ccccc3cc2C(=O)O)NC1=O,0.205250546336174
NC(=O)c1cc[n+](CC2=C(C(=O)[O-])N3C(=O)[C@@H](NC(=O)[C@H](c4ccccc4)S(=O)(=O)[O-])[C@@H]3SC2)cc1,0.0023732075933367014
CCCCC(CC)C(=O)[O-].CCCCC(CC)C(=O)[O-].[Ba+2],0.007710887119174004
CC(=O)OC(C)C(=O)OCC[N+](C)(C)C.CC(=O)OC(C)C(=O)OCC[N+](C)(C)C.O=S(=O)([O-])c1cccc2c(S(=O)(=O)[O-])cccc12,0.0010009454563260078
CC(C)N(Cc1ccccc1)C(=O)C(C)(C)C,0.01476359087973833
CN(C)CCC=C1c2ccccc2CCc2ccccc21,0.04803380370140076
C=CCOC(=O)CCCCCC,0.004901331849396229
Cc1ccnc2c1NC(=O)c1cccnc1N2C1CC1,0.26823246479034424
CC(C)(c1cc(Br)c(O)c(Br)c1)c1cc(Br)c(O)c(Br)c1,0.08827010542154312
CCCCCCCCCCCC(=O)OCC(O)CO,0.006233518943190575
CCC=O,0.0004786005010828376
CCN1C=CN(C)C1C,0.010801647789776325
ClC(Cl)=C(Cl)Cl,0.017627058550715446
CCC(C)C(C(=O)OCC[N+](C)(CC)CC)c1ccccc1,0.0019894216675311327
C[C@]12CC[C@@H]3c4ccc(OC(=O)N(CCCl)CCCl)cc4CC[C@H]3[C@@H]1CC[C@@H]2OP(=O)([O-])[O-],0.024069098755717278
CC1(C)[C@H](C=C(Cl)Cl)[C@@H]1C(=O)O[C@@H](C#N)c1cccc(Oc2ccccc2)c1,0.0316799134016037
CC1=C2C[C@H]3[C@@H](CC=C4C[C@@H](O)CC[C@@]43C)[C@@H]2CC[C@]12O[C@@H]1C[C@H](C)CN[C@H]1[C@H]2C,0.007271082140505314
CCCN(CCC)C(=O)C(CCC(=O)OCCCN1CCN(CCOC(=O)Cc2c(C)n(C(=O)c3ccc(Cl)cc3)c3ccc(OC)cc23)CC1)NC(=O)c1ccccc1,0.06586092710494995
CCC[n+]1ccn(C)c1C.O=S(=O)([N-]S(=O)(=O)C(F)(F)F)C(F)(F)F,0.002343527041375637
Clc1ccc(C(Cl)(Cl)Cl)cn1,0.099866583943367
CN(C)c1ccc(/N=N/c2ccccc2C(=O)O)cc1,0.6996372938156128
CN(C)CCC#N,0.00013628262968268245
O=C(O)CC(Cl)C(=O)O,0.0006047255592420697
CCC(Cl)CCC(Cl)C(Cl)CC(Cl)C(Cl)C(Cl)CCl,0.04319822043180466
Cc1ccc(O)c([N+](=O)[O-])c1,0.15367573499679565
CCn1cc(C(=O)O)c(=O)c2cc(F)c(N3CCNC(C)C3)c(F)c21,0.03281920775771141
CO[C@H]1C=CO[C@@]2(C)Oc3c(C)c(O)c4c(O)c(cc([O-])c4c3C2=O)NC(=O)C(C)=CC=C[C@H](C)[C@H](O)[C@@H](C)[C@@H](O)[C@@H](C)[C@H](OC(C)=O)[C@@H]1C,0.06095300614833832
O=[N+]([O-])c1cc([N+](=O)[O-])c2ccccc2c1,0.37742796540260315
CCCCCCCCCC(CC)c1ccc(S(=O)(=O)O)cc1,0.003481135703623295
CC(C)CC(C)(C)C,0.0016665140865370631
CC12CCC(CC1)C(C)(C)O2,0.007019519340246916
FC(F)(F)C(F)(F)C(F)(F)C(F)(F)C(F)(F)C(F)(F)C(F)(F)C(F)(F)C(F)(F)C(F)(F)F,0.015538330189883709
NC(CCC(=O)O)C(=O)O,0.0011600168654695153
CC(=O)OCC1=C(C(=O)O)N2C(=O)[C@@H](N)[C@H]2SC1,0.010852194391191006
Cc1cccc2c1cc1ccc3cccc4ccc2c1c34,0.8237332105636597
CCCCOC(=O)CCCCCCCC(=O)OCCCC,0.010205494239926338
NC(=O)c1cccnc1,0.003200095845386386
CCCCCCn1cc[n+](C)c1.O=S(=O)([O-])C(F)(F)F,0.002744589699432254
COc1ccc([C@@H]2Sc3ccccc3N(CCN(C)C)C(=O)[C@@H]2OC(C)=O)cc1,0.019077807664871216
Nc1cccc(N)c1,0.8712781071662903
CN(C)C1CCCCC1,0.001847906969487667
CC1=Nc2ccccc2C1(C)C,0.12745818495750427
COC(=O)c1ccccc1OC,0.04580710083246231
CCCCCCCC/C=C\CCCCCCCC(=O)OC[C@@H](O)[C@H]1OC[C@H](O)[C@H]1O,0.0030695144087076187
CC[C@@H](CO)NC(=O)[C@@H]1C=C2c3cccc4c3c(cn4C)C[C@H]2N(C)C1,0.11594564467668533
O=S(=O)(OC[C@H]1O[C@H](O[C@]2(COS(=O)(=O)O[AlH3](O)O)O[C@H](COS(=O)(=O)O[AlH3](O)O)[C@@H](OS(=O)(=O)O[AlH3](O)O)[C@@H]2OS(=O)(=O)O[AlH3](O)O)[C@H](OS(=O)(=O)O[AlH3](O)O)[C@@H](OS(=O)(=O)O[AlH3](O)O)[C@@H]1OS(=O)(=O)O[AlH3](O)O)O[AlH3](O)O.O[AlH3](O)[AlH3](O)O.O[AlH3](O)[AlH3](O)O.O[AlH3](O)[AlH3](O)O.O[AlH3](O)[AlH3](O)O,Invalid SMILES
C1COCCN1,0.0027359984815120697
CCCCCCCCCOC(C)=O,0.00902492180466652
Nc1ccc(O)cc1,0.8102650046348572
CCOP(=S)(OCC)Oc1ncn(-c2ccccc2)n1,0.7494030594825745
OCC(Cl)CCl,0.00989670492708683
O=C(O)[C@H](O)[C@@H](O)C(=O)O,0.0004994079354219139
CC/C=C/C/C=C/C/C=C/CCCCCCCC(=O)OCC,0.009497166611254215
COc1ccc(OC)c(C(O)CNC(=O)CN)c1,0.08750109374523163
CC(C)(C)C(=O)C(Oc1ccc(Cl)cc1)n1cncn1,0.14506441354751587
Clc1ccc(C(Cl)(Cl)Cl)cc1,0.09283378720283508
c1ccc(Oc2ccccc2)cc1,0.026758892461657524
CC(=O)c1ccc([N+](=O)[O-])cc1,0.061914898455142975
CNC(=O)Oc1ccccc1C(C)C,0.022891541942954063
CCOC(=O)CC(=O)c1cc(F)c(Cl)nc1Cl,0.06223449110984802
CN(C)c1ccc2nc3ccc(N(C)C)cc3[s+]c2c1,0.8700998425483704
Cc1ccccc1CCl,0.02542046830058098
O=C(OCCOCCOC(=O)c1ccccc1)c1ccccc1,0.02997267059981823
Sc1nc2ccccc2s1,0.6484245657920837
O=C(c1ccc(O)c(O)c1)c1ccc(O)cc1O,0.690777599811554
O=C(O)c1cccc(O)c1,0.015510301105678082
N=C(N)c1ccc(OCCCCCOc2ccc(C(=N)N)cc2)cc1.O=S(=O)(O)CCO.O=S(=O)(O)CCO,0.0009709788719192147
Cc1ncc(CNC(=O)N(CCCl)N=O)c(N)n1,0.058011494576931
Cc1cc(F)ccc1-c1cc(N2CC[C@@H](O)[C@H]2CO)ncc1N(C)C(=O)C(C)(C)c1cc(C(F)(F)F)cc(C(F)(F)F)c1,0.0864056721329689
CC(C)(c1cc(Br)c(OCCO)c(Br)c1)c1cc(Br)c(OCCO)c(Br)c1,0.05015093833208084
c1ccc(CN(Cc2ccccc2)Cc2ccccc2)cc1,0.003920508082956076
CC[N+](CC)(CC(=O)Nc1c(C)cccc1C)Cc1ccccc1.O=C([O-])c1ccccc1,0.0048166364431381226
Nc1ccc(N=Nc2ccccc2)c(N)n1,0.7726424932479858
NC(=O)c1cnccn1,0.008388386107981205
OCC1(CO)COCOC1,0.0001945662370417267
CC(=O)OCCOCCOCCOC(C)=O,0.009324326179921627
CCCCCCCCCCCCCCCC/C=C/C1CC(=O)OC1=O,0.005208905786275864
Nc1c2c(nc3c1CCC3)CCCC2,0.09396606683731079
CCCCN(CCCC)CCCCCCN(CCCC)CCCC,0.004367292858660221
Clc1ccccc1Cl,0.0710495114326477
C[C@@H](Cc1ccccc1)N(C)C,0.013965023681521416
CN(C)CCC=C1c2ccccc2C(C)(C)c2ccccc21,0.024437690153717995
COc1ccc(OC)cc1,0.07950182259082794
COc1ccc2nc(NC(=O)Nc3ccccc3)sc2c1,0.8272994756698608
CC(=O)OCC(C)C,0.00589220505207777
Cc1nn(-c2cc(NS(C)(=O)=O)c(Cl)cc2Cl)c(=O)n1C(F)F,0.007120043504983187
c1csc(-c2ccc(-c3cccs3)s2)c1,0.8058608770370483
CCCCCCCCOC(=O)c1ccc(C(=O)OCCCCCCCC)c(C(=O)OCCCCCCCC)c1,0.0322893001139164
CCCCOP(=O)(O)OCCCC,0.00831154827028513
Cc1cccc(O)c1C,0.10665692389011383
C[Si]1(C)O[Si](C)(C)O[Si](C)(C)O[Si](C)(C)O1,9.828143083723262e-05
Fc1ccc([C@@H]2CCNC[C@H]2COc2ccc3c(c2)OCO3)cc1,0.12334872037172318
CCCCCCCC/C=C\CCCCCCCC(=O)N(CCO)CCO,0.006514797918498516
CS(=O)(=O)O,2.688899485292495e-07
CCCCN1C=CN(C)C1,0.007901858538389206
CN(C)c1ccc(N=NS(=O)(=O)[O-])cc1,0.13496121764183044
O=C1c2c(O)cccc2[C@H]([C@@H]2O[C@H](CO)[C@@H](O)[C@H](O)[C@H]2O)c2cc(CO)cc(O)c21,0.0660472959280014
CC(=O)Oc1c(C)cc(OCC(O)CNC(C)C)c(C)c1C,0.056094732135534286
CC(C)Cc1ccccc1,0.005834114272147417
CC(CC(C#N)(c1ccccc1)c1ccccc1)N(C)C,0.015228135511279106
CCOP(=S)(OCC)Oc1ccc2c(C)c(Cl)c(=O)oc2c1,0.8878383040428162
O=C(c1ccccc1)c1ccc(O)cc1O,0.26401636004447937
CO[Si](CCCNCCN)(OC)OC,0.005396455526351929
CC(CN)CC(C)(C)CCN,0.007029080763459206
N#CC(O)c1ccccc1,0.012983963824808598
Clc1c(Cl)c(Cl)c(Cl)c(Cl)c1Cl,0.4378049969673157
Oc1ccc2c(c1)-c1ccccc1C2,0.4737895429134369
[2H]C([2H])([2H])[C@H](N)Cc1ccccc1.[2H]C([2H])([2H])[C@H](N)Cc1ccccc1,0.016704078763723373
COC(=O)c1c(C(F)F)nc(C(F)(F)F)c(C2=NCCS2)c1CC(C)C,0.03964728116989136
CO[C@H]1C=CO[C@@]2(C)Oc3c(C)c(O)c4c(O)c(c(/C=N/N5CCN(C6CCCC6)CC5)c(O)c4c3C2=O)NC(=O)C(C)=CC=C[C@H](C)[C@H](O)[C@@H](C)[C@@H](O)[C@@H](C)[C@H](OC(C)=O)[C@@H]1C,0.048699576407670975
O=C(CCN1CCN2CCCC2C1)N1c2ccccc2Sc2ccc(Cl)cc21,0.0699278935790062
CCCCC(CC)COC(=O)c1ccc(C(=O)OCC(CC)CCCC)cc1,0.02814197912812233
CCOC(=O)Cl,0.00269625848159194
O=S(=O)(Oc1ccc(Cl)cc1Cl)c1ccccc1,0.020830882713198662
CC(=O)Nc1ccccc1C,0.07289548963308334
CC(C)C1CCC(O)CC1,0.005709541961550713
C=CCn1c(=O)n([C@@H]2O[C@H](CO)[C@@H](O)[C@H]2O)c2nc(N)[nH]c(=O)c21,0.0019119377247989178
CC12CCC(C1)C(C)(C)C2O,0.008529490791261196
CC(=O)Nc1ccccc1,0.0886157676577568
O=C([O-])C(=O)[O-].[Ca+2],2.7555262931855395e-05
CCC(C)n1c(=O)[nH]c(C)c(Br)c1=O,0.0037494117859750986
O=[PH](O)c1ccccc1,0.0037463849876075983
ClC1(Cl)C2(Cl)C3(Cl)C4(Cl)C(Cl)(Cl)C5(Cl)C3(Cl)C1(Cl)C5(Cl)C24Cl,0.0028484868817031384
COc1c(N2CCNC(C)C2)c(F)cc2c(=O)c(C(=O)O)cn(C3CC3)c12,0.05497434735298157
O=C(O)Cc1cc(I)c(Oc2ccc(O)c(I)c2)c(I)c1,0.056518521159887314
CCOC(=O)c1ncn2c1CN(C)C(=O)c1c(I)cccc1-2,0.1387883722782135
COC(=O)C(C)=O,0.0013566567795351148
C[C@]12C[C@H](O)[C@@]3(F)[C@@H](CCC4=CC(=O)CC[C@@]43C)[C@@H]1CC[C@]2(O)C(=O)CO,0.008350083604454994
COc1ccc(C)cc1[N+](=O)[O-],0.09217327833175659
Cc1cc(C)c(/N=N/c2c(O)c(S(=O)(=O)[O-])cc3cc(S(=O)(=O)[O-])ccc23)cc1C,0.1320834457874298
Clc1ccc(Cl)cc1,0.029695704579353333
COC(=O)CCCC(=O)OC,0.0049188099801540375
Clc1cccc(Cl)c1,0.029307417571544647
O=C(COCCOCCOCC(=O)Nc1c(I)cc(I)c(C(=O)O)c1I)Nc1c(I)cc(I)c(C(=O)O)c1I,0.04852334409952164
C=C(C)C1CC=C(C)C(OC(C)=O)C1,0.0145878279581666
C1CCNCC1.O=c1[nH]cnc2[nH]cc(CN3CCCCC3)c12,0.008662950247526169
CCC(=O)C(CC(C)N(C)C)(c1ccccc1)c1ccccc1,0.013845887966454029
CCCCS(=O)(=O)Cl,0.0001295049296459183
CC[N+]1(CC)CCC(=C(c2ccccc2)c2ccccc2)C1C,0.01272587664425373
Cc1ncc([N+](=O)[O-])n1CC(C)O,0.0070150066167116165
O=C(Nc1ccc(Cl)cc1)Nc1ccc(Cl)c(C(F)(F)F)c1,0.6229599714279175
OCCCO,0.0014964317670091987
COc1cccc(N(C)C(=S)Oc2ccc3c(c2)CCCC3)n1,0.26163527369499207
CN(C)C(=O)CCSC(SCCC(=O)[O-])c1cccc(/C=C/c2ccc3ccc(Cl)cc3n2)c1,0.21394750475883484
NCCCNCCCN,0.032787322998046875
COc1cc(C=O)ccc1OC(=O)C(C)C,0.03362478315830231
CC(C)C(=O)OCCOc1ccccc1,0.030566750094294548
CCCCCCCCn1cc[n+](C)c1.O=S(=O)([N-]S(=O)(=O)C(F)(F)F)C(F)(F)F,0.0029265941120684147
CN1CCC(N(Cc2cccs2)c2ccccc2)CC1,0.034516673535108566
CN1[C@H]2CC[C@@H]1C[C@H](OC1c3ccccc3CCc3ccccc31)C2.O=C(O)CC(O)(CC(=O)O)C(=O)O,0.012344538234174252
CN1CCC[C@H]1c1cccnc1,0.01561538316309452
CCCCCCC1CCCC(=O)O1,0.004587263334542513
CS(=O)(=O)c1ccc([C@@H](O)[C@@H](CF)NC(=O)C(Cl)Cl)cc1,0.005907726939767599
Nc1ccc([N+](=O)[O-])cc1,0.513949453830719
COP(=S)(OC)SCn1nnc2ccccc2c1=O,0.043990619480609894
CN(C)CCn1nnnc1SCC1=C(C(=O)O)N2C(=O)[C@@H](NC(=O)Cc3csc(N)n3)[C@H]2SC1,0.0026558858808130026
CC(C)[C@@H](C)/C=C/[C@@H](C)[C@H]1CC[C@H]2/C(=C/C=C3\C[C@@H](O)CC[C@@H]3C)CCC[C@@]21C,0.01648147962987423
CC(=O)[C@@]1(O)CC[C@H]2[C@@H]3C[C@H](C)C4=CC(=O)C=C[C@]4(C)[C@@]3(F)[C@@H](O)C[C@@]21C,0.01182669959962368
Cc1cc(C)c(C=C2C(=O)Nc3ccccc32)[nH]1,0.4824742376804352
O=C1[C@H]2[C@@H]3CC[C@@H](C3)[C@H]2C(=O)N1CCCCN1CCN(c2ncccn2)CC1,0.009863082319498062
Cc1ccco1,0.020001638680696487
CCN(CC)C(=O)C(C)Oc1cccc2ccccc12,0.30723005533218384
Clc1ccccc1-c1ccccc1Cl,0.1617935448884964
CN(C)C(=O)Oc1cc(OC(=O)N(C)C)cc(C(O)CNC(C)(C)C)c1,0.03712526708841324
Cc1ccccc1OP(=O)(Oc1ccccc1C)Oc1ccccc1C,0.5480785965919495
Cc1c(Cl)cccc1Nc1ccccc1C(=O)O,0.368188738822937
CC(C)NCC(O)c1ccccc1Cl,0.07470250874757767
O=C1CCCC=CCCCCCCCCCC1,0.0018614932196214795
CC(=O)Oc1ccc(C)cc1,0.017044493928551674
CN(C)CCO,6.406177271855995e-05
ClCC(Cl)CCl,0.01947096362709999
OC(c1ccccc1)(c1ccccc1)C1CN2CCC1CC2,0.027968959882855415
CC#CCC(C)[C@H](O)/C=C/[C@@H]1[C@H]2c3cccc(CCCC(=O)[O-])c3O[C@H]2C[C@H]1O,0.019318046048283577
CCCCCSCCCCC,0.012980731204152107
CC(C)[N+](C)(C)CC(O)COc1cccc2ccccc12,0.06416673213243484
c1coc(-c2nc3ccccc3[nH]2)c1,0.5679227709770203
CCCOCCC,0.013858543708920479
O=C(O)c1ccc2c(c1)C(=O)OC2=O,0.012258538976311684
O=C(O)CCS,0.00013499546912498772
CC(C)(C)CC(=O)OCC(=O)[C@@]12OC(C)(C)O[C@@H]1C[C@H]1[C@@H]3CCC4=CC(=O)C=C[C@]4(C)[C@@]3(F)[C@@H](O)C[C@@]12C,0.006112431176006794
Oc1ccc(-c2ccc(O)cc2)cc1,0.5267269611358643
CCCCCCCCCCn1cc[n+](C)c1.O=S(=O)([N-]S(=O)(=O)C(F)(F)F)C(F)(F)F,0.0032008124981075525
COC(Cc1ccccc1)OC,0.015057522803544998
CCCC[n+]1ccc(C)cc1.F[B-](F)(F)F,0.0025625484995543957
Cc1ncc([N+](=O)[O-])n1C,0.00913145486265421
CCC(C)(C)c1ccc(O)c(C(C)(C)CC)c1,0.036873698234558105
O=C1Nc2ccc(Cl)cc2[C@@](C#CC2CC2)(C(F)(F)F)O1,0.056543413549661636
CC(C)(O)C(=O)O,0.0023208882194012403
C[C@]12CC[C@H]3[C@@H](CC[C@@]45O[C@@H]4C(O)=C(C#N)C[C@]35C)[C@@H]1CC[C@@H]2O,0.006220013368874788
ClC1=C(Cl)C1(Cl)Cl,0.11496560275554657
CCCCCCCCCC(=O)N[O-],0.005178654100745916
OC[C@@H](O)[C@@H](O)[C@H](O)[C@H](O)CO,0.0016388031654059887
CC(C)(C)OOC(C)(C)CCC(C)(C)OOC(C)(C)C,0.006537567358464003
O=[N+]([O-])c1cc(Cl)c(Cl)c(Cl)c1Cl,0.2856730818748474
COc1ccc(C(=O)Nc2nc3ccccc3c(NCc3ccccc3)c2C#N)cc1,0.4664083421230316
CC(O)COCC(C)O,0.002989299362525344
N=C(Nc1ccccc1)Nc1ccccc1,0.3468983769416809
O=C(O)c1ccccn1,0.01645825430750847
CCNC(=O)C(C)OC(=O)Nc1ccccc1,0.20086874067783356
BrCC(Br)(Br)Br,0.0018050839425995946
COc1ccc(CN(CCN(C)C)c2ccccn2)cc1,0.02424899861216545
CC(=O)OC(C(=O)c1ccccc1)c1ccccc1,0.042413171380758286
C[C@H](O)C(=O)Nc1c(I)c(C(=O)NC(CO)CO)c(I)c(C(=O)NC(CO)CO)c1I,0.03382663056254387
CCC(=O)N(c1ccccc1)C1CCN(CC(O)c2ccccc2)CC1,0.03602936118841171
CC(C)NCC(O)c1ccc(N)c(C#N)c1,0.4275757074356079
O[C@H]1[C@H](O)[C@@H](O)[C@H](O)[C@@H](O)[C@H]1O,9.924864571075886e-05
Nc1nc(=O)c(Br)c(-c2ccccc2)[nH]1,0.14990589022636414
COc1ccc(O)cc1,0.13090397417545319
CCCCNc1ccccc1,0.184531569480896
COc1ccnc(CS(=O)c2nc3cc(OC(F)F)ccc3[n-]2)c1OC,0.5046635270118713
CCCCCCCCCCCCCN1CC(C)OC(C)C1,0.009865853935480118
CN(C1CCCCC1)C1CCCCC1,0.0053807711228728294
CC1=C2[C@H](/C=C(\C)C(=O)O)CC[C@@H](C)[C@H]2CC1,0.00944865308701992
Cn1cc[nH]c1=S,0.02097330056130886
CC#CCC(C)[C@H](O)/C=C/C1[C@H]2C/C(=C/CCCC(=O)O)C[C@H]2C[C@H]1O,0.007815906777977943
C=CC(N)=O,6.891172006362467e-07
O=C(Nc1ccc(Cl)cc1)Nc1ccc(Cl)c(Cl)c1,0.7689931392669678
CC[C@@H]([C@H](C)O)n1ncn(-c2ccc(N3CCN(c4ccc(OCC5CO[C@@](Cn6cncn6)(c6ccc(F)cc6F)C5)cc4)CC3)cc2)c1=O,0.07709504663944244
Cc1ccc(Cl)cc1,0.02217583730816841
CC[C@H](C)[C@H]1O[C@]2(C=C[C@@H]1C)C[C@@H]1C[C@@H](CC=C(C)[C@@H](O[C@H]3C[C@H](OC)[C@@H](O[C@H]4C[C@H](OC)[C@@H]([NH2+]C)[C@H](C)O4)[C@H](C)O3)[C@@H](C)C=CC=C3CO[C@@H]4[C@H](O)C(C)=C[C@@H](C(=O)O1)[C@]34O)O2.O=C([O-])c1ccccc1,0.0044873664155602455
O=C(O)c1ccc([N+](=O)[O-])cc1,0.013241779990494251
OCCOCCOCCO,0.006879241205751896
CC(=O)Nc1ncc([N+](=O)[O-])s1,0.181922048330307
CCCCCCCCS(=O)(=O)[O-],0.0007501773652620614
NCCc1ccc(O)c(O)c1,0.4678116738796234
CC(=O)NCCO,0.000877280137501657
C=C(C)C(=O)OCCOC(=O)C(=C)C,0.003872059052810073
C=CC1(C)CC(OC(=O)CO)C2(C)C(C)CCC3(CCC(=O)C32)C(C)C1O,0.011280897073447704
O=S(=O)([O-])NC1CCCCC1,0.0004963396349921823
CCC(C)(Oc1ccc(C2(c3ccc(OC(C)(CC)C(=O)O)cc3)CCCCC2)cc1)C(=O)O,0.03522256016731262
CCCCCCCCCC(=O)OC,0.008196444250643253
O=C1C[C@@H]2OCC=C3CN4CC[C@]56c7ccccc7N1[C@H]5[C@H]2[C@H]3C[C@H]46,0.021522454917430878
CCCCCCCCCC(C)=O,0.004838734399527311
CCCC[Sn](Cl)(Cl)Cl,0.0005599766736850142
Cc1cn([C@H]2C=C[C@@H](CO)O2)c(=O)[nH]c1=O,0.0008898535743355751
CN[C@H]1CC[C@@H](c2ccc(Cl)c(Cl)c2)c2ccccc21,0.1324409693479538
CC(C)=CCC/C(C)=C/CC/C(C)=C/CC/C=C(\C)CC/C=C(\C)CCC=C(C)C,0.02209153212606907
CCC(C)NC(N)=O,0.0001054845706676133
CO[Si](CCCOCC1CO1)(OC)OC,0.004608546383678913
OCC(Br)CBr,0.00712968036532402
Cc1c(I)c(=O)n(-c2ccccc2)n1C,0.043834760785102844
COc1cc(OC)c2ccc(=O)oc2c1,0.27886804938316345
CC1CC(CC2CCC(N)C(C)C2)CCC1N,0.01277718972414732
O=C(Nc1ccc(C(=O)O)c(O)c1)c1ccccc1,0.37487050890922546
CC(C[N+](C)(C)C)OC(N)=O,5.144918031874113e-05
O=c1[nH]cc(F)c(=O)[nH]1,0.00015381431148853153
CCOP(OCC)OCC,0.005671338178217411
CS(=O)(=O)Cl,2.5197175546054495e-06
CC(=O)/C=C/C1=C(C)CCCC1(C)C,0.01003341469913721
CCN(CCCc1ccccc1)CCCc1ccccc1.O=C(O)CC(O)(CC(=O)O)C(=O)O,0.002325714798644185
O=C(NC(=O)c1c(F)cccc1F)Nc1ccc(Oc2ccc(C(F)(F)F)cc2Cl)cc1F,0.2391282618045807
Cc1ccc2c(C)cccc2c1,0.30981913208961487
COC1=C(OC)C(=O)C(C/C=C(\C)CC/C=C(\C)CC/C=C(\C)CC/C=C(\C)CC/C=C(\C)CC/C=C(\C)CC/C=C(\C)CC/C=C(\C)CC/C=C(\C)CCC=C(C)C)=C(C)C1=O,0.03459969535470009
CNC[C@H](O)c1cccc(O)c1,0.07564426958560944
Cl/C=C/Cl,0.006531682796776295
C[C@](N)(Cc1ccc(O)c(O)c1)C(=O)O,0.07617168128490448
CCCCC(F)(F)[C@@]1(O)CC[C@H]2[C@@H](CC(=O)[C@@H]2CCCCCCC(=O)O)O1,0.0038406040985137224
CCCCCCCCCl,0.011143982410430908
CCCC(C)C(=O)O,0.0037001250311732292
CC(=O)OC1(c2ccccc2)CCN(CCc2ccccc2)CC1,0.01569119095802307
CC(C)=CCOc1c2occc2cc2ccc(=O)oc12,0.3328861892223358
CC(C)c1nnc2ccc(-c3ocnc3-c3cc(F)ccc3F)cn12,0.15116076171398163
CN(C)c1ccc(N(C)C)cc1,0.806618332862854
Cc1nnc2n1-c1sc(CCC(=O)N3CCOCC3)cc1C(c1ccccc1Cl)=NC2,0.06095575541257858
O=S(=O)([O-])c1ccccc1C=Cc1ccc(-c2ccc(C=Cc3ccccc3S(=O)(=O)[O-])cc2)cc1,0.1360229104757309
Cc1ccc([N+](=O)[O-])cc1C,0.07434234768152237
C=C(C)CC(C)(C)C,0.00017527129966765642
Cc1ccc(N)c(S(=O)(=O)O)c1,0.01047263853251934
CCCCCCCCCC(C)C=O,0.008009746670722961
CCCCSCCCC,0.012194299139082432
C=C1CC[C@H](O)C/C1=C/C=C1\CCC[C@@]2(C)[C@H]1CC[C@@H]2[C@H](C)/C=C/[C@H](C)C(C)C,0.00923770759254694
COc1ccc(N)cc1,0.6757278442382812
CC(C)CCCC(C)CC=O,0.006273391656577587
Clc1ccc2c(c1)C(c1ccccc1)=NCc1nncn1-2,0.10726052522659302
Nc1ccc(O)c(C(=O)O)c1,0.4037781059741974
CO/N=C(\C(=O)N[C@@H]1C(=O)N2C(C(=O)[O-])=C(C[n+]3cccc4c3CCC4)CS[C@H]12)c1csc(N)n1,0.01941690966486931
N#Cc1ccccc1C#N,0.22497324645519257
O=C([O-])CCC/C=C\C[C@H]1[C@@H](O)C[C@@H](O)[C@@H]1/C=C/[C@@H](O)COc1cccc(Cl)c1,0.0062654768116772175
O=S([O-])CNc1ccc(S(=O)(=O)c2ccc(NCS(=O)[O-])cc2)cc1,0.012644357979297638
CCN(CC)CCOc1ccc(-c2nc3cc(Cl)ccc3s2)cc1,0.40683606266975403
C=CC(=O)OCCn1c(=O)n(CCOC(=O)C=C)c(=O)n(CCOC(=O)C=C)c1=O,0.00032246357295662165
Brc1nc2ccccc2s1,0.6419188380241394
CC(=O)OC/C=C(C)/C=C/C=C(C)/C=C/C1=C(C)CCCC1(C)C,0.03150855377316475
CNP(=O)(OC)Oc1ccc(C(C)(C)C)cc1Cl,0.14788098633289337
CCOc1ccc(NC(C)=O)cc1N,0.5348835587501526
Cc1cc(NS(=O)(=O)c2ccc(N)cc2)nc(C)n1,0.020900452509522438
Clc1nnc(Cl)c2ccccc12,0.13556288182735443
O=C(N[C@@H](Cc1ccccc1)[C@@H](O)C(=O)N1C[C@H](O)[C@H](O)C1)c1cc2cc(Cl)ccc2[nH]1,0.0909249484539032
O=C1[N-]S(=O)(=O)c2ccccc21,0.003686826443299651
O=c1oc2cc(O)ccc2c2oc3cc(O)ccc3c12,0.677437424659729
COc1ccc(OC)c(NC(=O)CC(C)=O)c1,0.21779979765415192
CCCCC(CC)COC(=O)c1ccc(N(C)C)cc1,0.117316834628582
Oc1ccc(C2(c3ccc(O)cc3)c3ccccc3-c3ccccc32)cc1,0.2548370063304901
CC(=O)Oc1ccc(C2(c3ccc(OC(C)=O)cc3)Oc3ccccc3NC2=O)cc1,0.08698368817567825
CS(=O)(=O)c1ccc(C(=O)C2C(=O)CCCC2=O)c(Cl)c1COCC(F)(F)F,0.005703080911189318
CC1(C)CC(O)CC(C)(C)N1[O],0.009076404385268688
CC(C)(C)c1ccc(O)cc1,0.025329232215881348
CCCN(C1CCN(C(=O)C2CCNCC2)CC1)[C@@H]1CCc2ccc(OC)cc2C1,0.0286057461053133
CCCCOC(=O)[C@@H](C)Oc1ccc(Oc2ccc(C#N)cc2F)cc1,0.0766349509358406
C=C(C)CS(=O)(=O)[O-],0.00012819215771742165
c1cc2c3c(cccc3c1)CC2,0.5157137513160706
CN1CC(O)C2=C/C(=N/NC(N)=O)C(=O)C=C21,0.012563653290271759
CCCCC1CCCCC(=O)O1,0.003721589921042323
CO[C@H]1C[C@H](O[C@@H]2[C@@H](C)C(=O)O[C@H](C)[C@H](C)[C@H](OC(C)=O)[C@@H](C)C(=O)[C@@]3(CO3)C[C@H](C)[C@H](O[C@@H]3O[C@H](C)C[C@H](N(C)C)[C@H]3OC(C)=O)[C@H]2C)O[C@@H](C)[C@@H]1OC(C)=O,0.0017944647697731853
COc1ccc(/C=N\NC(=O)c2ccncc2)c(C(=O)O)c1OC,0.2635752558708191
CC[n+]1ccccc1,0.006425797939300537
C=C1C2CCC(C2)C1(C)C,0.02057807147502899
CC(=O)CC(=O)Nc1ccc(S(=O)(=O)[O-])cc1,0.00843456108123064
CN1C(CCl)Nc2cc(Cl)c(S(N)(=O)=O)cc2S1(=O)=O,0.0032831779681146145
C[C@]12CC[C@@H]3c4ccc(OC(=O)N(CCCl)CCCl)cc4CC[C@H]3[C@@H]1CC[C@@H]2OP(=O)(O)O,0.014265060424804688
O=C1c2ccccc2C(=O)N1CCl,0.06315886229276657
CC1=C(/C=C/C(C)=C/C=C/C(C)=C/C=O)C(C)(C)CCC1,0.018417533487081528
FC(F)(F)C(F)(F)C(F)(F)C(F)(F)CCI,0.01302723865956068
C[N+](C)(C)CC(=O)[O-],2.0542743186524604e-06
COC(C)(C)C,0.008799310773611069
CN(C)CCCCl,0.000272521487204358
O=C1c2ccccc2C(=O)N1SC1CCCCC1,0.056998010724782944
Cn1nc(N)c2cn([C@@H]3O[C@H](CO)[C@@H](O)[C@H]3O)c3ncnc1c23,0.02259962633252144
COc1cc(-c2ccc(N=C=O)c(OC)c2)ccc1N=C=O,0.5944355726242065
Cc1cc(=O)n(-c2ccccc2)n1C,0.03889138251543045
CCCCCCCCCCOS(=O)(=O)[O-],0.0023844607640057802
NC(=O)C1c2ccccc2CCc2ccccc21,0.03860398381948471
c1ccc2cc3c(ccc4ccccc43)cc2c1,0.7721315622329712
CC(O)C(=O)[O-].CC(O)C(=O)[O-],0.0004882958601228893
COc1ccc(/C=N/NC(=O)c2ccncc2)cc1OC,0.7028658390045166
CCCC(=O)OCCc1ccccc1,0.012234202586114407
O=P(Cl)(Oc1ccccc1)Oc1ccccc1,0.3309509754180908
Clc1ccc2cc3ccccc3cc2c1,0.6747196316719055
NC(=O)c1ncn([C@@H]2O[C@H](CO)[C@@H](O)[C@H]2O)c1N,0.0028255763463675976
CC[C@@H](C(=O)[C@@H](C)[C@@H](O)[C@H](C)[C@@H]1O[C@@H]([C@@H](CC)C(=O)[O-])CC[C@@H]1C)[C@H]1O[C@]2(C=C[C@@H](O)[C@]3(CC[C@@](C)([C@H]4CC[C@](O)(CC)[C@H](C)O4)O3)O2)[C@H](C)C[C@@H]1C,0.00324343447573483
CCN(CC)CCNC(=O)c1ccc(NC(C)=O)cc1,0.030216684564948082
CCCCCCOc1ccc(N)cc1,0.3552515506744385
O=C(O)COc1ccccc1,0.003241586731746793
Cn1c(N)c(N=O)c(=O)n(C)c1=O,0.001731019583530724
CCCCOc1cc(C(=O)OCCN(CC)CC)ccc1N,0.06974449753761292
CCOC(=O)C(=O)OCC,0.005774130579084158
CN(C)CCCN1c2ccccc2C(C)(C)c2ccccc21,0.02398218959569931
C=CCOCC(CC)(CO)COCC=C,0.0007880210760049522
CN1CCN(CC(=O)N2c3ccccc3C(=O)Nc3cccnc32)CC1,0.09719689190387726
Cc1ccccc1C(=O)Nc1ccc(C(=O)N2CCCC(O)c3cc(Cl)ccc32)c(C)c1,0.40531232953071594
CN(C(=O)CO)c1c(I)c(C(=O)NCC(O)CO)c(I)c(C(=O)NCC(O)CO)c1I,0.01804768480360508
ClCC1CO1,0.009978938847780228
CC1(C)[C@H]2CC[C@](C)(C2)[C@H]1O,0.008216937072575092
CCOC(=O)CC(C(C)=O)C(C)=O,0.003602819051593542
CCCCC1=NC2(CCCC2)C(=O)N1Cc1ccc(-c2ccccc2-c2nnn[nH]2)cc1,0.03231897950172424
CC(C)CCCC(C)(C)O,0.0018333651823922992
CC1=C(C(=O)O)N2C(=O)[C@@H](NC(=O)[C@H](N)C3=CCC=CC3)[C@H]2SC1,0.006716206669807434
CCC(=O)OC/C=C/c1ccccc1,0.032388605177402496
CC/C=C\CCCCO,0.001232093432918191
CS(=O)(=O)c1ccc([C@@H](CC2CCCC2)C(=O)Nc2cnccn2)cc1Cl,0.025423061102628708
NC(N)=O,7.42968672695632e-11
Cc1c(Cn2ccnc2)c2ccccc2n1CCC(=O)O,0.08336576819419861
O=C(NC(Cc1cc(=O)[nH]c2ccccc12)C(=O)O)c1ccc(Cl)cc1,0.10810605436563492
COc1ccc2ccccc2c1,0.5085946917533875
Cn1c(=O)c2c(ncn2CC2OCCO2)n(C)c1=O,0.00260558701120317
N=C(N)NS(=O)(=O)c1ccc(N)cc1,0.0002911109768319875
CCC(=O)O[C@]1(c2ccccc2)CCN(C)C[C@H]1C,0.0065331244841217995
Cc1c(F)c(F)c(COC(=O)C2C(/C=C(\Cl)C(F)(F)F)C2(C)C)c(F)c1F,0.056576382368803024
Cc1ncc(C[n+]2csc(CCOP(=O)(O)OP(=O)(O)O)c2C)c(N)n1,0.00951431691646576
CCC(C)(O)CCCC(C)C,0.001935744658112526
CN1CCN2c3ncccc3Cc3ccccc3C2C1,0.07205085456371307
CN(C)C(=O)COC(=O)Cc1ccc(OC(=O)c2ccc(NC(=N)N)cc2)cc1,0.012489011511206627
CCCCOC(=O)c1ccccc1C(=O)O,0.01927582547068596
c1ccc(CCc2ccccc2)cc1,0.011359239928424358
CCC(=C(CC)c1ccc(O)cc1)c1ccc(O)cc1,0.15230746567249298
COc1nn(C(=O)[N-]S(=O)(=O)c2ccccc2OC(F)(F)F)c(=O)n1C,0.0027187473606318235
O=C(Nc1cccc(Cl)c1)OCC#CCCl,0.4186895787715912
CC1=C(C=O)C(C)(C)CC=C1,0.023576049134135246
O=c1[nH]c(=O)c2ccccc2o1,0.007593792397528887
CC(C)[C@H]1CC[C@H](C)C[C@@H]1O,0.004412842448800802
CCC(=O)CC,0.0010274691740050912
COCCOC(=O)C1=C(C)NC(C)=C(C(=O)OC/C=C/c2ccccc2)C1c1cccc([N+](=O)[O-])c1,0.19480280578136444
CCCCCCCCCCCCC(=O)O,0.002974695758894086
C=C(C)C(=O)O[C@@H]1C[C@H]2CC[C@]1(C)C2(C)C,0.003998582251369953
CCCCC(CC)COCCC#N,0.008481296710669994
CCOC(=O)C(C)OC(=O)c1cc(Oc2ccc(C(F)(F)F)cc2Cl)ccc1[N+](=O)[O-],0.0957077369093895
CCCC(CC)c1ccccc1,0.017349988222122192
CC(CN)CCCN,0.026273446157574654
CCC1(CC)C(=O)NC(=O)NC1=O,0.00399797223508358
C[C@]12CC[C@H]3[C@@H](CCC4=CC(=O)CC[C@@]43C)[C@@H]1CC[C@H]2O,0.007379557937383652
CCOC(=O)Cn1cccc1-c1nc(-c2ccc(OC)cc2)c(-c2ccc(OC)cc2)s1,0.5282586812973022
C1=Cc2ccccc2C1,0.17164543271064758
C[C@@H]1C[C@H]2[C@@H]3C[C@H](F)C4=CC(=O)C=C[C@]4(C)[C@@]3(F)[C@@H](O)C[C@]2(C)[C@@]1(O)C(=O)CO,0.0105872992426157
Cc1ccc(C(=O)Nc2ccc(S(=O)(=O)O)c3cc(S(=O)(=O)O)cc(S(=O)(=O)O)c23)cc1NC(=O)c1cccc(NC(=O)Nc2cccc(C(=O)Nc3cc(C(=O)Nc4ccc(S(=O)(=O)O)c5cc(S(=O)(=O)O)cc(S(=O)(=O)O)c45)ccc3C)c2)c1,0.10505291074514389
CN(CCO)CC(O)Cn1cnc2c1c(=O)n(C)c(=O)n2C.O=C(O)c1cccnc1,0.0020138868130743504
CCCCCCCCCCCCCC[N+](C)(C)Cc1ccccc1,0.0017662158934399486
O=C(O)CCCCCCCCC(=O)O,0.0006955432472750545
CC(C)COC(=O)CC(C(=O)OCC(C)C)S(=O)(=O)[O-],0.0033910158090293407
CCCCC(CC)C(=O)O,0.0064928908832371235
O=C(O)C(=O)Cc1ccccc1,0.0029139912221580744
C#C[C@]1(OC(=O)CCCCCC)CC[C@H]2[C@@H]3CCC4=CC(=O)CC[C@@H]4[C@H]3CC[C@@]21C,0.00796329416334629
COc1cc(S(=O)(=O)Nc2ccccc2)c(OC)cc1N,0.11265335977077484
O=[N+]([O-])c1cccc2cccnc12,0.4557807445526123
O=C([O-])COc1nn(Cc2ccccc2)c2ccccc12,0.02726149559020996
O=C(CCN1CCN(CCO)CC1)N1c2ccccc2Sc2ccc(C(F)(F)F)cc21,0.0545189306139946
CCC(=O)O[C@]1(C(=O)CCl)[C@@H](C)C[C@H]2[C@@H]3CCC4=CC(=O)C=C[C@]4(C)[C@@]3(F)[C@@H](O)C[C@@]21C,0.010651280172169209
CC[C@H]1OC(=O)[C@H](C)[C@@H](O[C@H]2C[C@@](C)(OC)[C@@H](O)[C@H](C)O2)[C@H](C)[C@@H](O[C@@H]2O[C@H](C)C[C@H](N(C)C)[C@H]2O)[C@](C)(O)C[C@@H](C)C(=O)[C@H](C)[C@@H](O)[C@]1(C)O,0.0016520709032192826
O=c1nc([O-])n(Cl)c(=O)n1Cl,0.000716734619345516
ClCc1ccccc1Cl,0.03862110152840614
CC[C@@H](C)CCCCC(=O)N[C@@H](CCNCS(=O)(=O)[O-])C(=O)N[C@H](C(=O)N[C@@H](CCNCS(=O)(=O)[O-])C(=O)N[C@H]1CCNC(=O)[C@H]([C@@H](C)O)NC(=O)[C@H](CCNCS(=O)(=O)[O-])NC(=O)[C@H](CCNCS(=O)(=O)[O-])NC(=O)[C@H](CC(C)C)NC(=O)[C@@H](CC(C)C)NC(=O)[C@H](CCNCS(=O)(=O)[O-])NC1=O)[C@@H](C)O,0.0006033144891262054
CC(C)(c1ccc(Oc2ccc3c(c2)C(=O)OC3=O)cc1)c1ccc(Oc2ccc3c(c2)C(=O)OC3=O)cc1,0.04576324671506882
NNC(=O)CCCCC(=O)NN,0.5256207585334778
c1ccc2sc(SN(C3CCCCC3)C3CCCCC3)nc2c1,0.19398975372314453
O=C(CCl)Nc1ccccc1,0.35007360577583313
CC(=O)OC(c1ccccc1)C(Cl)(Cl)Cl,0.004035981837660074
O=C(O)[C@@H](S)[C@H](S)C(=O)O,0.006474706809967756
C=CCOc1ccccc1OCC(O)CNC(C)C,0.04919997230172157
CCCCC(CC)COC(=O)C(C#N)=C(c1ccccc1)c1ccccc1,0.036029160022735596
c1ccc2scnc2c1,0.6356400847434998
FC(F)(F)C(Cl)Br,0.007915850728750229
C1=CCCC=CCC1,0.0037844704929739237
CC(C)(C)C(O)C(Cc1ccc(Cl)cc1)n1cncn1,0.04899855703115463
OC(Cn1cncn1)(c1ccc(F)cc1)c1ccccc1F,0.05234141647815704
O=C(O)Cc1csc(-c2ccc(Cl)cc2)n1,0.1562873125076294
CSCC[C@H](NC(=O)[C@H](Cc1c[nH]c2ccccc12)NC(=O)CCNC(=O)OC(C)(C)C)C(=O)N[C@@H](CC(=O)O)C(=O)N[C@@H](Cc1ccccc1)C(N)=O,0.011013684794306755
CC/C=C\CC1=C(C)CCC1=O,0.004607030190527439
C=CCN(CC=C)CC=C,0.0009945475030690432
OCc1ccc(Cl)cc1Cl,0.04973837733268738
CCOP(=O)([O-])C(N)=O,0.00031093257712200284
CC(C)(C)NCC(O)COc1cccc2c1CCC(=O)N2,0.09105060249567032
CCCC(C)C1(CC)C(=O)N=C(O)NC1=O,0.020373839884996414
O=C(CBr)c1ccc(O)cc1,0.19450463354587555
CO/N=C(\C(=O)N[C@@H]1C(=O)N2C(C(=O)[O-])=C(CSc3nc(C)c(CC(=O)[O-])s3)CS[C@H]12)c1csc(N)n1,0.023075032979249954
N#CC(Br)Br,0.002352928277105093
O=C(Oc1ccccc1)c1ccccc1C(=O)Oc1ccccc1,0.05327329784631729
ClC1=C(Cl)[C@]2(Cl)[C@H]3[C@H]([C@H]4C=C[C@H]3C4)[C@@]1(Cl)C2(Cl)Cl,0.026784338057041168
CC(C)NC(=O)c1ccccc1N,0.3004494309425354
CCCC(=O)C(CC)Sc1ccoc1C,0.04962559789419174
CCOC(=O)COc1ccc2c(=O)cc(-c3ccccc3)oc2c1,0.1862974464893341
COC(=O)[C@H](Cc1ccccc1)NC(=O)[C@@H](N)CC(=O)O,0.006949416361749172
CC(=O)c1c(C)cc(C(C)(C)C)cc1C,0.02230837568640709
O=C1c2c(O)cccc2Cc2cccc(O)c21,0.5918530821800232
CC(CO)(CO)C(=O)O,0.005679659079760313
COc1ncnc(NS(=O)(=O)c2ccc(N)cc2)c1OC,0.04511535167694092
CCCC(=O)CC,0.0024355945643037558
CC(C)(O)CCCC1=CCC(C=O)CC1,0.0028164617251604795
Clc1ccc(CSC(Cn2ccnc2)c2ccc(Cl)cc2Cl)cc1,0.09932376444339752
NNC(N)=S,0.00030929374042898417
CC(C)Cn1cnc2c(N)nc3ccccc3c21,0.4349757432937622
Nc1cccc2c(O)nnc(O)c12,0.3326264023780823
C=CC1CC=CCC1,0.006135675124824047
CCCCC(CC)COC(=O)c1ccc(C(=O)OCC(CC)CCCC)c(C(=O)OCC(CC)CCCC)c1,0.03165251761674881
N[C@@H](Cc1cc(I)c(Oc2cc(I)c(O)c(I)c2)c(I)c1)C(=O)O,0.18383970856666565
COS(=O)(=O)[O-],9.53366034082137e-05
O=P(OCCCl)(OCCCl)OCCCl,0.008632270619273186
O=C(CCCN1CCC(n2c(=O)[nH]c3ccccc32)CC1)c1ccc(F)cc1,0.04019273445010185
CCCCOC(=O)CCS,0.006503129843622446
C=C(C)C(=O)Nc1ccc(Cl)c(Cl)c1,0.6332362294197083
CC(CCl)OC(C)CCl,0.04143422469496727
Nc1ccccc1C(=O)O,0.13436897099018097
CCCN(CCC)c1c([N+](=O)[O-])cc(S(C)(=O)=O)cc1[N+](=O)[O-],0.011234286241233349
O=S(=O)([O-])SSS(=O)(=O)[O-],6.315152131719515e-05
CC(C)(Cl)Cl,0.0002898680395446718
O=C(O)C(Cl)(Cl)Cl,0.0015957738505676389
CCC(C)(CCC(C)C)C(=O)[O-].CCC(C)(CCC(C)C)C(=O)[O-].[Zn+2],0.011701966635882854
O=C(Nc1ccc2c(c1)Cc1ccccc1-2)C(F)(F)F,0.5068107843399048
CCC(=O)O[C@H]1CC[C@H]2[C@@H]3CCc4cc(O)ccc4[C@H]3CC[C@]12C,0.029074395075440407
O=C(/C=C/c1ccc(O)c(O)c1)O[C@@H](C(=O)O)[C@@H](OC(=O)/C=C/c1ccc(O)c(O)c1)C(=O)O,0.08157593011856079
COC(=O)c1ccccc1C(=O)c1ccc(OCCN2CCCCC2)cc1,0.04448479786515236
ClCC=CCCl,0.006469510030001402
CO[C@@H]1COCC[C@@H]1[NH2+][C@@H]1CC[C@@](C(=O)N2CCc3ncc(C(F)(F)F)cc3C2)(C(C)C)C1.O=C([O-])CCC(=O)O,0.0060185762122273445
NC1CCCCC1.NC1CCCCC1.O=P(O)(O)OC[C@H](O)CO,0.0011561292922124267
CCOC(=O)c1ccc(OCCN2C[C@H](O)[C@@H](O)[C@H](O)[C@H]2CO)cc1,0.01689641736447811
CCC(C)Cl,0.008995318785309792
C=CC(C)(CCC=C(C)C)OC(=O)CC(C)C,0.013626692816615105
N#C/N=C1\SCCN1Cc1ccc(Cl)nc1,0.01094031985849142
O=C(O)CCN(C1(C(=O)NO)CCCC1)S(=O)(=O)c1ccc(Oc2ccc(F)cc2)cc1,0.018909312784671783
Cc1cc(O)cc(C)c1Cl,0.2456432282924652
N[C@H]1[C@@H]2CN(c3nc4c(cc3F)c(=O)c(C(=O)O)cn4-c3ccc(F)cc3F)C[C@H]12,0.06528468430042267
O=C(Oc1ccccc1C(=O)O)c1ccccc1O,0.05845171585679054
O=C(O)c1nc(Cl)c(Cl)c(Cl)c1Cl,0.3023831844329834
CC1=CC(C)C(C=O)C(C)C1,0.016538791358470917
CCN(CC)CCOC(=O)C(c1ccccc1)c1ccccc1,0.00881027989089489
Nc1nc(N)nc(-c2cc(Cl)ccc2Cl)n1,0.1874937117099762
CCN(CC)CC(=O)Nc1c(C)cc(C)cc1C,0.01854316145181656
CC(C)=CCC/C(C)=C/CC/C(C)=C/CC/C(C)=C/CC1=C(C)C(=O)c2ccccc2C1=O,0.103166863322258
O=C1C=CC(=O)N1,0.0004667292523663491
COc1ccc(C(=O)c2ccccc2O)c(O)c1,0.4452972710132599
O=C1O[C@H]([C@@H](O)CO)C([O-])=C1O,0.0029600311536341906
CC(Cc1ccccc1)(NC(=O)CN)c1ccccc1,0.013737881556153297
CCOc1ccc(NC(=O)CC(C)O)cc1,0.2771216034889221
CNC(=O)NC,0.0007106066914275289
NS(=O)(=O)c1cc2c(cc1C(F)(F)F)NCNS2(=O)=O,0.0013421215116977692
C=CC(=O)OCCCCCCOC(=O)C=C,0.0024182135239243507
C=C1CC[C@H]2[C@@](C)(CC[C@@H](O)[C@@]2(C)CO)[C@@H]1C/C=C1/C(=O)OC[C@H]1O,0.00631563039496541
Cc1c(-c2ccccc2)oc2c(C(=O)OCCN3CCCCC3)cccc2c1=O,0.07609771937131882
CCN(CC)CCOC(=O)C(C)(c1ccccc1)c1ccccc1,0.006869091186672449
COc1cccc(-c2ccc(/C=C\CN3CCCCCC3)cc2Cl)c1,0.04518258571624756
O=C(O)CN(CCN(CC(=O)O)CC(=O)O)CC(=O)O,7.115124753909186e-05
C=C(C)C(=O)OCC[N+](C)(C)C,7.105070108082145e-05
CC1(C)CC(N=C=O)CC(C)(CN=C=O)C1,0.0004212516942061484
CCCCCCOC(=O)CCCCC,0.009999862872064114
CC[N+](CC)(CC)CCOC(=O)C(C1CCCC1)C1CCCC1,0.002367996610701084
O=S(=O)([O-])c1ccc2cc(O)c(S(=O)(=O)[O-])cc2c1,0.014308493584394455
CCOc1ccc(N)cc1,0.633921205997467
CCC(CC)Nc1c([N+](=O)[O-])cc(C)c(C)c1[N+](=O)[O-],0.12581582367420197
CC(C)NCC(O)COc1ccc(COCCOC(C)C)cc1.CC(C)NCC(O)COc1ccc(COCCOC(C)C)cc1,0.039450228214263916
O=C(NCCN1CCOCC1)c1ccc(Cl)cc1,0.02781638689339161
Nc1ccc(Cc2ccc(N)cc2)cc1,0.5211411714553833
O=C(Nc1cccc([N+](=O)[O-])c1)c1cc2ccccc2cc1O,0.7774977684020996
Cc1cccc(N)c1N,0.8343403339385986
O=C1OC(=O)C2C3C=CC(C3)C12,0.010974167846143246
C[C@]1(O)CC[C@H]2[C@@H]3CCC4=CC(=O)CC[C@]4(C)[C@@]3(F)[C@@H](O)C[C@@]21C,0.007666403893381357
CN(C)c1ccc(N)cc1,0.8920053839683533
C=CCc1cc(OC)c(O)c(C(=O)NCCO)c1,0.0700545385479927
OCCSCCO,0.0037275494541972876
CC1CC(O)CC(C)(C)C1,0.0028588154818862677
N=C(N)NN,0.00017376038886141032
CCCNC(C)C(=O)Nc1c(C)csc1C(=O)OC,0.23134909570217133
CO[Si](C)(C)OC,0.0065941340290009975
CN1CCC[C@@H]1Cc1c[nH]c2ccc(CCS(=O)(=O)c3ccccc3)cc12,0.046908263117074966
CC(C)(O)C(=O)Nc1ccc([N+](=O)[O-])c(C(F)(F)F)c1,0.20468129217624664
OCCOc1cccc(OCCO)c1,0.05233611911535263
O=C(CN1CCN(Cc2ccc3c(c2)OCO3)CC1)N1c2ccccc2Sc2ccccc21,0.09476201236248016
CN(C)CCCCCCN(C)C,0.00013391798711381853
CN1[C@H]2CC[C@@H]1C[C@H](OC(c1ccccc1)c1ccccc1)C2,0.014680212363600731
CC(=O)N[C@H]1[C@@H](O[C@@H]2C(C(=O)[O-])C[C@@H](O[C@@H]3[C@@H](CO)O[C@H](OC4C(C(=O)[O-])O[C@@H](OC5[C@H]6CO[C@H](O6)[C@H](NS(=O)(=O)[O-])[C@H]5O)[C@H](O)[C@H]4O)[C@H](NC(C)=O)[C@H]3C)[C@H](O)[C@H]2O)O[C@H](COS(=O)(=O)O)[C@@H](O[C@@H]2OC(C(=O)[O-])=C[C@H](O)[C@H]2O)[C@@H]1O,0.00023568888718727976
CCCCCCCCC1CO1,0.010194075293838978
O=C(C(Cl)Cl)N1CCOC12CCCCC2,0.011812825687229633
CCCCCCCCCCCO,0.007608662825077772
CCCN(CCC)c1c([N+](=O)[O-])cc(C(C)C)cc1[N+](=O)[O-],0.042371105402708054
CC(C)[C@H](N)C(=O)OCC(CO)OCn1cnc2c(=O)nc(N)[nH]c21,0.025801176205277443
CCN(CC)C(=O)c1cccc(C)c1,0.0308308694511652
O=C(O)CNC(=O)CNC(=O)CNC(=O)CSC(=O)c1ccccc1,0.0033958954736590385
CCCCCCCCCCCCCCCCn1cc[n+](C)c1,0.01175746414810419
C[C@@H](CN(C)C)CN1c2ccccc2Sc2ccccc21.C[C@@H](CN(C)C)CN1c2ccccc2Sc2ccccc21,0.028952395543456078
CC(C)(C)NCC(O)c1ccc(O)c(CO)c1,0.07531487941741943
C[C@@H](NCCCc1cccc(C(F)(F)F)c1)c1cccc2ccccc12,0.10320649296045303
NC(=O)c1cc[n+](CC2=C(C(=O)[O-])N3C(=O)[C@@H](NC(=O)Cc4cccs4)[C@H]3SC2)cc1,0.0044492981396615505
COc1ccc(CN2CCN(C(c3ccc(F)cc3)c3ccc(F)cc3)CC2)c(OC)c1OC,0.0375763401389122
[O-][n+]1ccccc1[S-],0.15257826447486877
Nc1ccccc1-c1ccccc1,0.5506428480148315
CC1=CC[C@@H]2C[C@H]1C2(C)C,0.01626773737370968
CC(O)CCCCn1c(=O)c2c(ncn2C)n(C)c1=O,0.0036668519023805857
ClC1=C(Cl)[C@]2(Cl)[C@@H]3[C@@H]4C[C@H]([C@@H]3[C@@]1(Cl)C2(Cl)Cl)[C@H]1O[C@@H]41,0.005859069526195526
COc1ccc(OC)c(C[C@H](C)N)c1,0.03651909902691841
COc1cc(C(C)C)c2c(c1)S(=O)(=O)N(COc1cc(=O)n3cccc(OCCN4CCCCC4)c3n1)C2=O,0.02729884721338749
O=[N+]([O-])c1ccc2[nH]ncc2c1,0.2083827406167984
N#CC(c1ccc(Cl)cc1)c1c(Cl)cc(-n2ncc(=O)[nH]c2=O)cc1Cl,0.02897603251039982
C=CN1CCCC1=O,0.0038730534724891186
O=[Cd],2.4365423087147065e-05
C=CCOC(=O)c1ccccc1C(=O)OCC=C,0.01973419077694416
CCN1CCCC1CNC(=O)c1cc(S(=O)(=O)CC)c(N)cc1OC,0.035370614379644394
Cn1sc(Cl)cc1=O,0.009632128290832043
CC[C@H](NC(=O)c1cc(F)ccc1[N-]S(=O)(=O)c1cccc2cccnc12)c1ccccc1,0.058506324887275696
C[C@H]1C[C@H]2[C@@H]3CCC4=CC(=O)C=C[C@]4(C)[C@H]3C(=O)C[C@]2(C)[C@@]1(O)C(=O)CO,0.013093402609229088
CC(C)NC(=O)NC(C)C,0.008027026429772377
CN1CCCC1=O,0.0026883354876190424
CCOC(=O)[C@H](CCc1ccccc1)N[C@@H](C)C(=O)N1C(=O)N(C)C[C@H]1C(=O)O,0.008323454298079014
COC(C)(C)CC(C)=O,0.003730837721377611
CC[C@H](C)C(=O)O[C@H]1C[C@@H](C)C=C2C=C[C@H](C)[C@H](CC[C@@H]3C[C@@H](O)CC(=O)O3)[C@H]21,0.005944843869656324
CCOC(=O)Nc1cccc(OC(=O)Nc2ccccc2)c1,0.6912699341773987
NS(=O)(=O)c1cc2c(cc1Cl)NC(C(Cl)Cl)NS2(=O)=O,0.0020903581753373146
C1CS1,0.0035728744696825743
CCCCCC(C)OC(=O)COc1ccc(Cl)c2cccnc12,0.20057903230190277
O=C1NCCN1CCO,0.0029599072877317667
[Be+2],0.4866064190864563
CC(C)(C)c1ccc(CCOc2ncnc3ccccc23)cc1,0.1172049269080162
O=P(O)(O)Oc1ccccc1,0.008919687941670418
NC(=O)Nc1ccc(Cl)cc1,0.030064933001995087
CC(=O)CCC=C(C)C,0.0037091432604938745
Cc1cccc(C)c1N(CCCc1cccnc1)C(=O)C(C)N,0.06550446897745132
CCCSP(=O)(OCC)SCCC,0.07066384702920914
C1CSCCS1,0.0035728744696825743
Cc1cc(C)c(C(=O)P(=O)(C(=O)c2c(C)cc(C)cc2C)c2ccccc2)c(C)c1,0.10974279046058655
Cc1ccccc1-n1c(C)nc2ccccc2c1=O,0.1365147829055786
C[N+](C)(C)CC(=O)O,1.1091620990555384e-06
Cc1c[nH]c2ccccc12,0.5517171025276184
OC[C@H]1O[C@](O)(CO)[C@@H](O)[C@@H]1O,0.0008550842758268118
CC(C)(OOC(C)(C)c1ccccc1)c1ccccc1,0.02255532704293728
Cc1c(OCC(F)(F)F)ccnc1CS(=O)c1nc2ccccc2[nH]1,0.22160613536834717
O=C(O)c1ccccc1[N+](=O)[O-],0.021455740556120872
C/C=C(\C)C(=O)OCC/C=C\CC,0.003620482748374343
CC(C)(C)OCC1CO1,0.010930505581200123
COc1ccc(C[C@@H](C)NC[C@H](O)c2ccc(O)c(NC=O)c2)cc1.COc1ccc(C[C@@H](C)NC[C@H](O)c2ccc(O)c(NC=O)c2)cc1,0.16372263431549072
COS(=O)(=O)OC,0.0004236914392095059
O=[N+]([O-])c1ccc(-c2nnc(O)o2)o1,0.012862542644143105
Cl[Pd]Cl,0.0001296156260650605
O=[PH](Oc1ccccc1)Oc1ccccc1,0.3113551139831543
Cc1ccc2cc3c(ccc4ccccc43)c3c2c1CC3,0.7668663859367371
CCC(=O)N(c1ccccc1)C1CCN(Cc2cccs2)CC1,0.029720719903707504
N#CC(C#N)=C(C#N)C#N,0.0013263411819934845
C[N+]1(CCCCC[N+]2(C)CCCC2)CCCC1,0.00013921689242124557
CCCCCCCCCCCCCCCCCC[N+](C)(C)C,0.0012135386932641268
CCCCCCCC/C=C\CCCCCCCC(N)=O,0.0011923817219212651
CC(C)(O)Cc1ccccc1,0.000963446858804673
CCNC(=O)[C@@H]1CCCN1C(=O)[C@H](CCCNC(=N)N)NC(=O)[C@H](CC(C)C)NC(=O)[C@@H](CC(C)C)NC(=O)[C@H](Cc1ccc(O)cc1)NC(=O)[C@H](CO)NC(=O)[C@H](Cc1c[nH]c2ccccc12)NC(=O)[C@H](Cc1cnc[nH]1)NC(=O)[C@@H]1CCC(=O)N1,0.00806156825274229
CCn1cc[n+](C)c1.N#C[S-],0.0010776109993457794
COC(=O)Cc1cccc2ccccc12,0.1863604187965393
Oc1ccc(Sc2ccc(O)cc2)cc1,0.08076392114162445
O=C(N[C@H](c1ccccc1)[C@@H]1CN2CCC1CC2)c1c(Cl)ccc(C(F)(F)F)c1Cl,0.02867702580988407
CCCCCCCCCCCCSCCOCCO,0.011335846036672592
CC(C)(C)CC(C)(C)c1ccc(O)c(-n2nc3ccccc3n2)c1,0.05687696114182472
CN(C)CCCSc1ccccc1NC(=O)/C=C/c1ccccc1,0.08329621702432632
O=C(O)c1ccccc1O,0.029990486800670624
O=c1oc2ccccc2c(O)c1C(CC(O)c1ccc(-c2ccc(Br)cc2)cc1)c1ccccc1,0.1878722906112671
O=c1[nH]c2ccc(S(=O)CCN3CCC(Cc4ccc(F)cc4)CC3)cc2o1,0.03317037224769592
c1ccc(CNc2ncnc3c2ncn3C2CCCCO2)cc1,0.05511742830276489
O=Cc1ccccc1C=O,0.00813485961407423
c1ccc2sc(SSc3nc4ccccc4s3)nc2c1,0.7819839715957642
Nc1cccc(C(F)(F)F)c1,0.34722572565078735
O=P(O)(O)c1ccccc1,0.0037443425972014666
CC(C)(O)c1ccccc1CC[C@@H](SCC1(CC(=O)[O-])CC1)c1cccc(/C=C/c2ccc3ccc(Cl)cc3n2)c1,0.15524844825267792
CCC1(c2ccccc2)C(=O)NC(=O)N(C(=O)c2ccccc2)C1=O,0.012444923631846905
CCCCCCCCCCCCN1CCOCC1,0.006209941115230322
CC1CC(OC(=O)c2ccccc2O)CC(C)(C)C1,0.037918251007795334
CCCCCCCCCCCCCCOS(=O)(=O)[O-],0.0033265200909227133
O=C(c1ccc(O)cc1)c1ccc(O)cc1,0.2207084745168686
CC1(C)CC(N)CC(C)(C)N1,0.005158450920134783
Nc1nccs1,0.17651888728141785
CN/C(=N/[N+](=O)[O-])NCC1CCOC1,0.0006912564858794212
CCCCCCCC,0.009944428689777851
CSc1ccc(C=O)cc1,0.008973581716418266
C=CCN1CC[C@]23CCCC[C@H]2[C@H]1Cc1ccc(O)cc13,0.05088464915752411
Oc1ccc(C2(c3ccc(O)cc3)CCCCC2)cc1,0.08552654832601547
CCC[C@@H]1C[C@@H](C(=O)N[C@H]([C@H](C)Cl)[C@H]2O[C@H](SC)[C@H](O)[C@@H](O)[C@H]2O)N(C)C1,0.0015116097638383508
CCCCc1nc2cccnc2n1Cc1ccc(-c2ccccc2-c2nnn[n-]2)cc1,0.05920933559536934
CCCCCCCC/C=C\CCCCCCCC(=O)NCc1ccc(O)c(OC)c1,0.020704569295048714
Cc1ccc(N(C)C)cc1,0.3128909170627594
c1ccc(Nc2cccc3ccccc23)cc1,0.6922863125801086
Cc1cccc2cccnc12,0.3381735682487488
CC(C)(C)c1ccccc1O,0.0261871125549078
CCOc1ccc(O)cc1,0.14710570871829987
COC(=O)Nc1nc2cc(C(=O)c3cccs3)ccc2[nH]1,0.7675784230232239
CC(C)(C)c1ccc(CN2CCN(C(c3ccccc3)c3ccc(Cl)cc3)CC2)cc1,0.013075411319732666
CC(C)=CCC/C(C)=C/CO,0.012166054919362068
COC[C@H](c1ccc(C(F)(F)F)cc1)N1CCN(C2(C)CCN(C(=O)c3c(C)ncnc3C)CC2)C[C@H]1C,0.029158219695091248
CCC(CC)(CC(=O)Nc1cccc(/C=C/c2nc(C3CCC3)cs2)c1)C(=O)O,0.35214656591415405
CC(C)[C@@H]1CC[C@@H](C)CC1=O,0.005920117720961571
CCC(C)(C)OC(=O)N[C@@H](Cc1c[nH]c2ccccc12)C(=O)N[C@@H](CCSC)C(=O)N[C@@H](CC(=O)O)C(=O)N[C@@H](Cc1ccccc1)C(N)=O,0.011854740791022778
Nc1cc(Cl)c(NC2=NCCN2)c(Cl)c1,0.4200938642024994
CC(=O)C=C(C)C,0.002616885583847761
CCCC(=O)O[C@]1(C(=O)COC(C)=O)CC[C@H]2[C@@H]3C[C@H](F)C4=CC(=O)C=C[C@]4(C)[C@@]3(F)[C@@H](O)C[C@@]21C,0.008605029433965683
N#CC1(N)CCCCC1,0.000653192400932312
C[N+](C)(C)CCOC(N)=O,6.861066594865406e-06
CC(CC(C)C)=NO,0.01269347034394741
O=C1Nc2ccccc2C1=O,0.4018482267856598
CCN(CC#N)c1cccc(C)c1,0.08978457003831863
Cc1cc(C)cc(C(=O)OC2C[C@@H]3CC[C@H](C2)N3C)c1,0.022431958466768265
Cc1ccc(S(=O)(=O)NC(=O)NC2CCCCCCC2)cc1,0.0016579863149672747
CCCN(CCc1cccs1)[C@H]1CCc2c(O)cccc2C1,0.1247033104300499
CCCN(CCC)CCc1cccc2c1CC(=O)N2,0.05784576013684273
O=C1O[C@H]([C@@H](O)CO)C([O-])=C1O.O=C1O[C@H]([C@@H](O)CO)C([O-])=C1O,0.0029600311536341906
CCCC(C)(COC(N)=O)COC(=O)NC(C)C,0.0034357779659330845
CC(C)OC(=O)Nc1ccccc1,0.6009016036987305
CCOC(=O)CCC(C)=O,0.002583612222224474
CC(C)(C)C(=O)/C=C/c1ccc(Cl)cc1,0.16230012476444244
CCCOC(=O)NCCCN(C)C,0.0017576171085238457
Nc1cc([N+](=O)[O-])ccc1O,0.7196575999259949
CC(=O)OC1CCCCC1C(C)(C)C,0.008690708316862583
O=C(c1cc(O)c(O)c(O)c1)c1ccc(O)c(O)c1O,0.7858901023864746
CCCCC/C=C\CCC=O,0.0010206218576058745
CCC(=O)N(c1ccccc1)C1CCN(C(C)Cc2cccs2)CC1,0.06985267251729965
COP(=O)(O)OC,0.000984834274277091
CC(C)CCOC(=O)CC(C)C,0.01100821141153574
O=C(O)Cc1cccc(-c2cc(CCCCCCc3ccc(O[C@H]4O[C@H](CO)[C@@H](O)[C@H](O)[C@@H]4O)c(-c4cccc(CC(=O)O)c4)c3)ccc2O[C@H]2O[C@H](CO)[C@@H](O)[C@H](O)[C@@H]2O)c1,0.008714715950191021
ICCc1ccccc1,0.007052232977002859
C=CC(=C)CCC=C(C)C,0.003254162846133113
CCNc1nc(Cl)nc(NCC)n1,0.051812659949064255
CC(C)(C)C(=O)OCOC(=O)[C@@H]1N2C(=O)[C@@H](NC(=O)[C@H](N)c3ccccc3)[C@H]2SC1(C)C,0.0054361834190785885
N#C[S-],1.2300073649385013e-05
Nc1nc(=O)c2nc(CNc3ccc(C(=O)N[C@@H](CCC(=O)O)C(=O)O)cc3)cnc2[nH]1,0.01897398941218853
Oc1ccc(Oc2ccccc2)cc1,0.06833869218826294
OCCNCCO,0.004014086909592152
CC(O)[C@H]1CC[C@H]2[C@@H]3CC[C@@H]4C[C@@H](O)CC[C@]4(C)[C@H]3CC[C@]12C,0.005235045682638884
Cc1c(N)cccc1N,0.7767820358276367
CN1[C@H]2CC[C@@H]1C[C@H](OC(=O)C(O)c1ccccc1)C2,0.008821538649499416
CC=CC(=O)N(CC)c1ccccc1C,0.05435171350836754
N=C(N)c1ccc(OCCCOc2ccc(C(=N)N)cc2Br)c(Br)c1,0.030863992869853973
C[C@]12CC[C@H]3[C@@H](CCC4=CC(=O)CC[C@@]43C)[C@@H]1CCC2=O,0.008511862717568874
CCCCCCCCCCCCCCCC(=O)OCC,0.01002107560634613
C=CCN1CC[C@]23c4c5ccc(O)c4O[C@H]2C(=O)CC[C@@]3(O)[C@H]1C5.CI,0.025516964495182037
Cn1c(=O)c2c(ncn2C)n(C)c1=O,0.0018285755068063736
C#CC(O)C(CC)CCCC,0.013577558100223541
COc1ccc(OC)c(CC(C)N)c1,0.0696524828672409
CCCCc1ccc(N)cc1,0.20983318984508514
CC(=O)OC(C)C,0.010941367596387863
CS(=O)(=O)c1ccc(C(=O)C2C(=O)CCCC2=O)c([N+](=O)[O-])c1,0.006313472520560026
C/C=C/C[C@@H](C)[C@@H](O)[C@H]1C(=O)N[C@@H](CC)C(=O)N(C)CC(=O)N(C)[C@@H](CC(C)C)C(=O)N[C@@H](C(C)C)C(=O)N(C)[C@@H](CC(C)C)C(=O)N[C@@H](C)C(=O)N[C@H](C)C(=O)N(C)[C@@H](CC(C)C)C(=O)N(C)[C@@H](CC(C)C)C(=O)N(C)[C@@H](C(C)C)C(=O)N1C,0.0032048483844846487
CC(C)Nc1ccc(NC(C)C)c2c1C(=O)c1ccccc1C2=O,0.6518664360046387
Cc1cccc(O)c1,0.054301727563142776
CCCCCCCCCCCC(=O)O.OCCN(CCO)CCO,0.002143841003999114
Cc1ncc(CO)c(CO)c1O,0.04859410598874092
C[C@@H]1[C@@H]2Cc3ccc(O)cc3[C@@]1(C)CCN2CCc1ccccc1,0.053073253482580185
NS(=O)(=O)[O-],2.3463369913656607e-08
CCC/C=C/CO,0.0030700424686074257
OCC(O)c1ccccc1,0.013507543131709099
C[C@]12CC[C@H]3[C@@H](CC[C@H]4C[C@@H]5S[C@@H]5C[C@@]43C)[C@@H]1CC[C@@H]2O,0.004170094151049852
C=CC(=O)OCCCCCCCC(C)C,0.004886792041361332
CCCCCc1ccc(C)cc1O,0.06467591226100922
COC(=O)c1ccc(C)cc1,0.020606765523552895
CCN(CC)CCOC[C@H]1O[C@@H](O)[C@H](OCCN(CC)CC)[C@@H](O)[C@@H]1O,0.0009472272358834743
C=CC(C)(CCC=C(C)C)OC(=O)c1ccccc1N,0.1451999843120575
S=C1NCCN1,0.00043462528265081346
CCCCCCCCCCCCN1CCCCCC1=O,0.007943332195281982
O=S(=O)([O-])[S-],1.1372369499440538e-06
CCCCCCCC(=O)OCCCCCC,0.010328254662454128
CC(C)COC(=O)c1ccccc1C(=O)OCC(C)C,0.037757210433483124
CN(C)C(=O)NC1(c2ccccc2)CCN(CC[C@@]2(c3ccc(F)c(F)c3)CN(C(=O)c3ccccc3)CCO2)CC1,0.03396449238061905
Cc1cc(CCN2CCN(c3nsc4ccccc34)CC2)cc2c1NC(=O)CC2(C)C,0.1336231380701065
CCn1cc[n+](C)c1.N#CN=C=[N-],0.0003274990594945848
O=c1[nH][nH]c(=O)c2cc([N+](=O)[O-])ccc12,0.007890259847044945
C[n+]1c2cc(N)ccc2cc2ccc(N)cc21.Nc1ccc2cc3ccc(N)cc3nc2c1,0.9098198413848877
O=P(O)(OCc1ccccc1)OCc1ccccc1,0.014161837287247181
CCCCN(CCCC)CC(O)c1cc(Cl)cc2c1-c1ccc(Cl)cc1/C2=C/c1ccc(Cl)cc1,0.17811083793640137
CCC(=O)C1CC(C(C)C)CC=C1C,0.014642421156167984
CCOC(=O)c1ccc(O)cc1,0.07977844029664993
O=S(=O)([O-])c1ccc(O)cc1,0.0027095668483525515
CC1CCCCN1CCCOC(=O)c1ccccc1,0.017098648473620415
C[C@]12CC[C@@H]3c4ccc(OC(=O)c5ccccc5)cc4CC[C@H]3[C@@H]1CC[C@@H]2O,0.04422334209084511
CCN(CC)CCNC(=O)c1ccc(N)cc1,0.06717707216739655
CCN(CC)CCO[C@H]1CC[C@@]2(C)C(=CC[C@H]3[C@@H]4CCC(=O)[C@@]4(C)CC[C@@H]32)C1,0.005640935152769089
Nc1nc(F)nc2c1ncn2[C@@H]1O[C@H](CO)[C@@H](O)[C@@H]1O,0.007626600097864866
Nc1cccc([N+](=O)[O-])c1,0.43365874886512756
CC(C)CCOCc1ccccc1,0.012820321135222912
[TlH2+],0.0003847040643449873
CC1=C(/C=C/C(C)=C/C=C/C(C)=C/C=C/C=C(C)/C=C/C=C(C)/C=C/C2=C(C)C[C@@H](O)CC2(C)C)C(C)(C)C[C@H](O)C1,0.039798785001039505
CCOC(=O)NC(C)(C)Cc1ccc(Cl)cc1,0.020640268921852112
CC(=O)OC1CC(C)OC(C)O1,0.0057977670803666115
CC(Cl)(Cl)C(=O)[O-],0.0030870831105858088
CC(C)(C)[C@]1(O)CCN2C[C@H]3c4ccccc4CCc4cccc(c43)[C@@H]2C1,0.08535932004451752
CCc1cccc2c3c([nH]c12)C(CC)(CC(=O)O)OCC3,0.10085706412792206
CCCCCCCCS(=O)(=O)Cl,0.0006037919665686786
CCN(CCO)c1cccc(C)c1,0.08765001595020294
Nc1c(Br)cc([N+](=O)[O-])cc1[N+](=O)[O-],0.19981007277965546
C=C(C)C(=O)OCCCCCCCCCCCC,0.006538530811667442
Cc1ccn2nc(S(=O)(=O)Nc3c(F)cccc3F)nc2n1,0.01513601653277874
Oc1ccc2ccccc2c1/N=N/c1ccccc1,0.7760950326919556
CCN(CC)S(=O)(=O)c1ccc(C(=O)O)cc1,0.002823776798322797
CCCCCCCCCCCCCCCC(=O)NCCO,0.006464298348873854
ON=C1CCCC1,0.008732261136174202
CN1CCOCC1,0.0008378364145755768
CC(C)NCC(O)COc1ccc(CC(N)=O)cc1,0.0057410066947340965
N=C(N)Nc1ccc(C(=O)Oc2ccc3cc(C(=N)N)ccc3c2)cc1,0.06331413239240646
c1ccc2cnccc2c1,0.39874640107154846
Cc1cc(C(F)(C(F)(F)F)C(F)(F)F)ccc1NC(=O)c1cccc(I)c1C(=O)NC(C)(C)CS(C)(=O)=O,0.04529619961977005
O=[N+]([O-])C1(Br)COCOC1,0.0016227277228608727
S=C=S,5.409420911206553e-09
COc1ccc2c3c1O[C@H]1[C@@H](O)C=C[C@H]4[C@@H](C2)NCC[C@]314,0.05143124610185623
CCCCCCCC#N,0.007645888719707727
COCC(=O)N(c1c(C)cccc1C)N1CCOC1=O,0.030388440936803818
CC(=O)CCl,0.0024874499067664146
CC(C)(c1ccccc1)c1cc(-n2nc3ccccc3n2)c(O)c(C(C)(C)c2ccccc2)c1,0.028749054297804832
Nc1nc(Cl)cc(Cl)n1,0.07710955291986465
CC(C)NC(=N)NC(=N)Nc1ccc(Cl)cc1,0.04355156421661377
Cc1cccc(C)c1N,0.2544563114643097
O=C(Cl)c1c(Cl)cccc1Cl,0.044835176318883896
O.O.O.O.O.O.O=[N+]([O-])[O-].O=[N+]([O-])[O-].[Mg+2],7.437904423568398e-05
CC(C(O)c1ccccc1)N(C)CCOC(c1ccccc1)c1ccccc1,0.02503061667084694
C/C=C(\C)C(=O)OCCc1ccccc1,0.0189182311296463
[NH3+]c1ccccc1,0.014197498559951782
O=Cc1ccc(CO)o1,0.003997459542006254
Cn1sccc1=O,0.010554138571023941
Oc1ccc(CCNCCCCCCNCCc2ccccc2)cc1O,0.08788513392210007
CCCCCCOC(=O)CCCCC(=O)OCCCCCC,0.010283179581165314
Nc1cc([N+](=O)[O-])ccc1C(=O)O,0.11909976601600647
